impl,batch,vocab,top_k,top_p,dtype,kind,name,launches_per_step,device_us_per_step,steps,git_commit
fused_kernel,1,151936,50,0.9,bfloat16,kernel,"void (anonymous namespace)::topk_partial_kernel<5>(unsigned short const*, unsigned long*, int, int, int, int, int)",1.0,9.484,50,6ddf1e0-dirty
fused_kernel,1,151936,50,0.9,bfloat16,kernel,"void (anonymous namespace)::merge_sample_kernel<true, 2, 512>(unsigned long const*, long*, int, int, float, unsigned long, unsigned long, at::PhiloxCudaState, bool, bool*, float*)",1.0,8.36,50,6ddf1e0-dirty
fused_kernel,1,151936,50,0.9,bfloat16,total_kernel,,2.0,17.844,50,6ddf1e0-dirty
fused_kernel,1,151936,50,0.9,bfloat16,total_memcpy,,0,0,50,6ddf1e0-dirty
fused_kernel,1,151936,50,0.9,bfloat16,total_memset,,0,0,50,6ddf1e0-dirty
hf_eager,1,151936,50,0.9,bfloat16,kernel,"void at::native::(anonymous namespace)::cunn_SoftMaxForward<4, float, float, float, at::native::(anonymous namespace)::SoftMaxForwardEpilogue>(float*, float const*, int)",2.0,105.594,50,6ddf1e0-dirty
hf_eager,1,151936,50,0.9,bfloat16,kernel,"void at_cuda_detail::cub::DeviceRadixSortOnesweepKernel<at_cuda_detail::cub::DeviceRadixSortPolicy<float, at::cuda::cub::detail::OpaqueType<8>, unsigned long long>::Policy900, false, float, at::cuda::cub::detail::OpaqueType<8>, unsigned long long, int, int, at_cuda_detail::cub::detail::identity_decomposer_t>(int*, int*, unsigned long long*, unsigned long long const*, float*, float const*, at::cuda::cub::detail::OpaqueType<8>*, at::cuda::cub::detail::OpaqueType<8> const*, int, int, int, at_cuda_detail::cub::detail::identity_decomposer_t)",4.0,34.377,50,6ddf1e0-dirty
hf_eager,1,151936,50,0.9,bfloat16,kernel,"void at::native::mbtopk::computeBlockwiseWithinKCounts<unsigned int, float>(unsigned int*, short*, unsigned int*, unsigned int, int, bool, unsigned int*, float*, unsigned int*, unsigned int*, unsigned int)",4.0,22.229,50,6ddf1e0-dirty
hf_eager,1,151936,50,0.9,bfloat16,memset,Memset (Device),12.0,10.435,50,6ddf1e0-dirty
hf_eager,1,151936,50,0.9,bfloat16,kernel,"void at::native::mbtopk::radixFindKthValues<float, unsigned int, unsigned int, 1>(at::cuda::detail::TensorInfo<float const, unsigned int>, unsigned int, unsigned int*, unsigned int, unsigned int, int, int, unsigned int, unsigned int, unsigned int*, short*)",4.0,7.505,50,6ddf1e0-dirty
hf_eager,1,151936,50,0.9,bfloat16,memcpy,Memcpy DtoD (Device -> Device),5.0,6.252,50,6ddf1e0-dirty
hf_eager,1,151936,50,0.9,bfloat16,kernel,"void at::native::reduce_kernel<512, 1, at::native::ReduceOp<float, at::native::ArgMaxOps<float>, unsigned int, long, 4, 4> >(at::native::ReduceOp<float, at::native::ArgMaxOps<float>, unsigned int, long, 4, 4>)",1.0,5.321,50,6ddf1e0-dirty
hf_eager,1,151936,50,0.9,bfloat16,kernel,"void at_cuda_detail::cub::DeviceScanByKeyKernel<at_cuda_detail::cub::DeviceScanByKeyPolicy<at_cuda_detail::cub::TransformInputIterator<unsigned int, at::native::mbtopk::BlockIdxToKey, at_cuda_detail::cub::CountingInputIterator<unsigned int, unsigned int>, long>, unsigned int, unsigned int, cuda::std::__4::plus<void> >::Policy900, at_cuda_detail::cub::TransformInputIterator<unsigned int, at::native::mbtopk::BlockIdxToKey, at_cuda_detail::cub::CountingInputIterator<unsigned int, unsigned int>, long>, unsigned int*, unsigned int*, at_cuda_detail::cub::ReduceByKeyScanTileState<unsigned int, int, true>, cuda::std::__4::equal_to<void>, cuda::std::__4::plus<void>, at_cuda_detail::cub::NullType, int, unsigned int, unsigned int>(at_cuda_detail::cub::TransformInputIterator<unsigned int, at::native::mbtopk::BlockIdxToKey, at_cuda_detail::cub::CountingInputIterator<unsigned int, unsigned int>, long>, unsigned int*, unsigned int*, unsigned int*, at_cuda_detail::cub::ReduceByKeyScanTileState<unsigned int, int, true>, int, cuda::std::__4::equal_to<void>, cuda::std::__4::plus<void>, at_cuda_detail::cub::NullType, int)",2.0,4.987,50,6ddf1e0-dirty
hf_eager,1,151936,50,0.9,bfloat16,kernel,"void at::native::_scatter_gather_elementwise_kernel<128, 8, at::native::_cuda_scatter_gather_internal_kernel<true, at::native::OpaqueType<1>, long>::operator()<at::native::TensorAssign>(at::TensorIterator&, long, long, long, at::native::TensorAssign const&)::{lambda(int)#1}>(int, at::native::_cuda_scatter_gather_internal_kernel<true, at::native::OpaqueType<1>, long>::operator()<at::native::TensorAssign>(at::TensorIterator&, long, long, long, at::native::TensorAssign const&)::{lambda(int)#1})",1.0,4.424,50,6ddf1e0-dirty
hf_eager,1,151936,50,0.9,bfloat16,kernel,"void at::native::radixSortKVInPlace<-2, -1, 32, 4, float, long, unsigned int>(at::cuda::detail::TensorInfo<float, unsigned int>, unsigned int, unsigned int, unsigned int, at::cuda::detail::TensorInfo<long, unsigned int>, unsigned int, bool)",1.0,4.215,50,6ddf1e0-dirty
hf_eager,1,151936,50,0.9,bfloat16,kernel,"void at::native::reduce_kernel<512, 1, at::native::ReduceOp<float, at::native::func_wrapper_t<float, at::native::MaxNanFunctor<float> >, unsigned int, float, 4, 4> >(at::native::ReduceOp<float, at::native::func_wrapper_t<float, at::native::MaxNanFunctor<float> >, unsigned int, float, 4, 4>)",1.0,3.966,50,6ddf1e0-dirty
hf_eager,1,151936,50,0.9,bfloat16,kernel,"void at::native::reduce_kernel<512, 1, at::native::ReduceOp<float, at::native::func_wrapper_t<float, at::native::MinNanFunctor<float> >, unsigned int, float, 4, 4> >(at::native::ReduceOp<float, at::native::func_wrapper_t<float, at::native::MinNanFunctor<float> >, unsigned int, float, 4, 4>)",1.0,3.949,50,6ddf1e0-dirty
hf_eager,1,151936,50,0.9,bfloat16,kernel,"void at::native::reduce_kernel<512, 1, at::native::ReduceOp<float, at::native::func_wrapper_t<float, at::native::sum_functor<float, float, float>::operator()(at::TensorIterator&)::{lambda(float, float)#1}>, unsigned int, float, 4, 4> >(at::native::ReduceOp<float, at::native::func_wrapper_t<float, at::native::sum_functor<float, float, float>::operator()(at::TensorIterator&)::{lambda(float, float)#1}>, unsigned int, float, 4, 4>)",1.0,3.92,50,6ddf1e0-dirty
hf_eager,1,151936,50,0.9,bfloat16,kernel,"void at::native::_assert_async_cuda_kernel<bool>(bool const*, at::native::Msg)",2.0,3.694,50,6ddf1e0-dirty
hf_eager,1,151936,50,0.9,bfloat16,kernel,"void at::native::vectorized_elementwise_kernel<4, at::native::compare_scalar_kernel<float>(at::TensorIteratorBase&, at::native::(anonymous namespace)::OpType, float)::{lambda(float)#1}, std::array<char*, 2ul> >(int, at::native::compare_scalar_kernel<float>(at::TensorIteratorBase&, at::native::(anonymous namespace)::OpType, float)::{lambda(float)#1}, std::array<char*, 2ul>)",3.0,3.69,50,6ddf1e0-dirty
hf_eager,1,151936,50,0.9,bfloat16,kernel,"void at::native::mbtopk::gatherTopK<float, unsigned int, 1>(at::cuda::detail::TensorInfo<float const, unsigned int>, unsigned int, unsigned int, bool, unsigned int, unsigned int, at::cuda::detail::TensorInfo<float, unsigned int>, unsigned int, at::cuda::detail::TensorInfo<long, unsigned int>, unsigned int, unsigned int, unsigned int, float*, unsigned int*, unsigned int*, unsigned int)",1.0,3.487,50,6ddf1e0-dirty
hf_eager,1,151936,50,0.9,bfloat16,kernel,"void at::native::vectorized_elementwise_kernel<4, at::native::(anonymous namespace)::masked_fill_kernel(at::TensorIterator&, c10::Scalar const&)::{lambda()#1}::operator()() const::{lambda()#7}::operator()() const::{lambda(float, bool)#1}, std::array<char*, 3ul> >(int, at::native::(anonymous namespace)::masked_fill_kernel(at::TensorIterator&, c10::Scalar const&)::{lambda()#1}::operator()() const::{lambda()#7}::operator()() const::{lambda(float, bool)#1}, std::array<char*, 3ul>)",2.0,3.132,50,6ddf1e0-dirty
hf_eager,1,151936,50,0.9,bfloat16,kernel,"void at::native::(anonymous namespace)::distribution_elementwise_grid_stride_kernel<float, 4, at::native::templates::cuda::uniform_and_transform<float, float, at::CUDAGeneratorImpl*, at::native::templates::cuda::exponential_kernel<at::CUDAGeneratorImpl*>(at::TensorIteratorBase&, double, at::CUDAGeneratorImpl*)::{lambda()#1}::operator()() const::{lambda()#2}::operator()() const::{lambda(float)#1}>(at::TensorIteratorBase&, at::CUDAGeneratorImpl*, at::native::templates::cuda::exponential_kernel<at::CUDAGeneratorImpl*>(at::TensorIteratorBase&, double, at::CUDAGeneratorImpl*)::{lambda()#1}::operator()() const::{lambda()#2}::operator()() const::{lambda(float)#1})::{lambda(curandStatePhilox4_32_10*)#2}, at::native::(anonymous namespace)::distribution_nullary_kernel<float, float, float4, at::CUDAGeneratorImpl*, at::native::templates::cuda::uniform_and_transform<float, float, at::CUDAGeneratorImpl*, at::native::templates::cuda::exponential_kernel<at::CUDAGeneratorImpl*>(at::TensorIteratorBase&, double, at::CUDAGeneratorImpl*)::{lambda()#1}::operator()() const::{lambda()#2}::operator()() const::{lambda(float)#1}>(at::TensorIteratorBase&, at::CUDAGeneratorImpl*, at::native::templates::cuda::exponential_kernel<at::CUDAGeneratorImpl*>(at::TensorIteratorBase&, double, at::CUDAGeneratorImpl*)::{lambda()#1}::operator()() const::{lambda()#2}::operator()() const::{lambda(float)#1})::{lambda(curandStatePhilox4_32_10*)#2}, at::native::templates::cuda::exponential_kernel<at::CUDAGeneratorImpl*>(at::TensorIteratorBase&, double, at::CUDAGeneratorImpl*)::{lambda()#1}::operator()() const::{lambda()#2}::operator()() const::{lambda(float)#1}>(at::TensorIteratorBase&, at::CUDAGeneratorImpl*, at::native::templates::cuda::uniform_and_transform<float, float, at::CUDAGeneratorImpl*, at::native::templates::cuda::exponential_kernel<at::CUDAGeneratorImpl*>(at::TensorIteratorBase&, double, at::CUDAGeneratorImpl*)::{lambda()#1}::operator()() const::{lambda()#2}::operator()() const::{lambda(float)#1}>(at::TensorIteratorBase&, at::CUDAGeneratorImpl*, at::native::templates::cuda::exponential_kernel<at::CUDAGeneratorImpl*>(at::TensorIteratorBase&, double, at::CUDAGeneratorImpl*)::{lambda()#1}::operator()() const::{lambda()#2}::operator()() const::{lambda(float)#1})::{lambda(curandStatePhilox4_32_10*)#2} const&, at::native::templates::cuda::exponential_kernel<at::CUDAGeneratorImpl*>(at::TensorIteratorBase&, double, at::CUDAGeneratorImpl*)::{lambda()#1}::operator()() const::{lambda()#2}::operator()() const::{lambda(float)#1})::{lambda(int, float)#1}>(long, at::PhiloxCudaState, at::native::templates::cuda::uniform_and_transform<float, float, at::CUDAGeneratorImpl*, at::native::templates::cuda::exponential_kernel<at::CUDAGeneratorImpl*>(at::TensorIteratorBase&, double, at::CUDAGeneratorImpl*)::{lambda()#1}::operator()() const::{lambda()#2}::operator()() const::{lambda(float)#1}>(at::TensorIteratorBase&, at::CUDAGeneratorImpl*, at::native::templates::cuda::exponential_kernel<at::CUDAGeneratorImpl*>(at::TensorIteratorBase&, double, at::CUDAGeneratorImpl*)::{lambda()#1}::operator()() const::{lambda()#2}::operator()() const::{lambda(float)#1})::{lambda(curandStatePhilox4_32_10*)#2}, at::native::(anonymous namespace)::distribution_nullary_kernel<float, float, float4, at::CUDAGeneratorImpl*, at::native::templates::cuda::uniform_and_transform<float, float, at::CUDAGeneratorImpl*, at::native::templates::cuda::exponential_kernel<at::CUDAGeneratorImpl*>(at::TensorIteratorBase&, double, at::CUDAGeneratorImpl*)::{lambda()#1}::operator()() const::{lambda()#2}::operator()() const::{lambda(float)#1}>(at::TensorIteratorBase&, at::CUDAGeneratorImpl*, at::native::templates::cuda::exponential_kernel<at::CUDAGeneratorImpl*>(at::TensorIteratorBase&, double, at::CUDAGeneratorImpl*)::{lambda()#1}::operator()() const::{lambda()#2}::operator()() const::{lambda(float)#1})::{lambda(curandStatePhilox4_32_10*)#2}, at::native::templates::cuda::exponential_kernel<at::CUDAGeneratorImpl*>(at::TensorIteratorBase&, double, at::CUDAGeneratorImpl*)::{lambda()#1}::operator()() const::{lambda()#2}::operator()() const::{lambda(float)#1}>(at::TensorIteratorBase&, at::CUDAGeneratorImpl*, at::native::templates::cuda::uniform_and_transform<float, float, at::CUDAGeneratorImpl*, at::native::templates::cuda::exponential_kernel<at::CUDAGeneratorImpl*>(at::TensorIteratorBase&, double, at::CUDAGeneratorImpl*)::{lambda()#1}::operator()() const::{lambda()#2}::operator()() const::{lambda(float)#1}>(at::TensorIteratorBase&, at::CUDAGeneratorImpl*, at::native::templates::cuda::exponential_kernel<at::CUDAGeneratorImpl*>(at::TensorIteratorBase&, double, at::CUDAGeneratorImpl*)::{lambda()#1}::operator()() const::{lambda()#2}::operator()() const::{lambda(float)#1})::{lambda(curandStatePhilox4_32_10*)#2} const&, at::native::templates::cuda::exponential_kernel<at::CUDAGeneratorImpl*>(at::TensorIteratorBase&, double, at::CUDAGeneratorImpl*)::{lambda()#1}::operator()() const::{lambda()#2}::operator()() const::{lambda(float)#1})::{lambda(int, float)#1})",1.0,2.854,50,6ddf1e0-dirty
hf_eager,1,151936,50,0.9,bfloat16,kernel,"void at_cuda_detail::cub::DeviceScanKernel<at_cuda_detail::cub::DeviceScanPolicy<float, std::plus<float> >::Policy900, float const*, float*, at_cuda_detail::cub::ScanTileState<float, true>, std::plus<float>, at_cuda_detail::cub::NullType, unsigned int, float, false>(float const*, float*, at_cuda_detail::cub::ScanTileState<float, true>, int, std::plus<float>, at_cuda_detail::cub::NullType, unsigned int)",1.0,2.839,50,6ddf1e0-dirty
hf_eager,1,151936,50,0.9,bfloat16,kernel,"void at_cuda_detail::cub::DeviceRadixSortHistogramKernel<at_cuda_detail::cub::DeviceRadixSortPolicy<float, at::cuda::cub::detail::OpaqueType<8>, unsigned long long>::Policy900, false, float, unsigned long long, at_cuda_detail::cub::detail::identity_decomposer_t>(unsigned long long*, float const*, unsigned long long, int, int, at_cuda_detail::cub::detail::identity_decomposer_t)",1.0,2.644,50,6ddf1e0-dirty
hf_eager,1,151936,50,0.9,bfloat16,kernel,"at::native::(anonymous namespace)::fill_reverse_indices_kernel(long*, int, at::cuda::detail::IntDivider<unsigned int>)",1.0,2.369,50,6ddf1e0-dirty
hf_eager,1,151936,50,0.9,bfloat16,kernel,"void at::native::vectorized_elementwise_kernel<4, at::native::BinaryFunctor<float, float, float, at::native::binary_internal::DivFunctor<float> >, std::array<char*, 3ul> >(int, at::native::BinaryFunctor<float, float, float, at::native::binary_internal::DivFunctor<float> >, std::array<char*, 3ul>)",1.0,2.354,50,6ddf1e0-dirty
hf_eager,1,151936,50,0.9,bfloat16,kernel,"void at::native::unrolled_elementwise_kernel<at::native::direct_copy_kernel_cuda(at::TensorIteratorBase&)::{lambda()#3}::operator()() const::{lambda()#7}::operator()() const::{lambda(float)#1}, std::array<char*, 2ul>, 4, TrivialOffsetCalculator<1, unsigned int>, TrivialOffsetCalculator<1, unsigned int>, at::native::memory::LoadWithCast<1>, at::native::memory::StoreWithCast<1> >(int, at::native::direct_copy_kernel_cuda(at::TensorIteratorBase&)::{lambda()#3}::operator()() const::{lambda()#7}::operator()() const::{lambda(float)#1}, std::array<char*, 2ul>, TrivialOffsetCalculator<1, unsigned int>, TrivialOffsetCalculator<1, unsigned int>, at::native::memory::LoadWithCast<1>, at::native::memory::StoreWithCast<1>)",1.0,2.319,50,6ddf1e0-dirty
hf_eager,1,151936,50,0.9,bfloat16,kernel,"void at::native::elementwise_kernel<128, 4, at::native::gpu_kernel_impl_nocast<at::native::(anonymous namespace)::CompareFunctor<float> >(at::TensorIteratorBase&, at::native::(anonymous namespace)::CompareFunctor<float> const&)::{lambda(int)#1}>(int, at::native::gpu_kernel_impl_nocast<at::native::(anonymous namespace)::CompareFunctor<float> >(at::TensorIteratorBase&, at::native::(anonymous namespace)::CompareFunctor<float> const&)::{lambda(int)#1})",1.0,2.033,50,6ddf1e0-dirty
hf_eager,1,151936,50,0.9,bfloat16,kernel,"void at_cuda_detail::cub::DeviceScanByKeyInitKernel<at_cuda_detail::cub::ReduceByKeyScanTileState<unsigned int, int, true>, at_cuda_detail::cub::TransformInputIterator<unsigned int, at::native::mbtopk::BlockIdxToKey, at_cuda_detail::cub::CountingInputIterator<unsigned int, unsigned int>, long> >(at_cuda_detail::cub::ReduceByKeyScanTileState<unsigned int, int, true>, at_cuda_detail::cub::TransformInputIterator<unsigned int, at::native::mbtopk::BlockIdxToKey, at_cuda_detail::cub::CountingInputIterator<unsigned int, unsigned int>, long>, std::iterator_traits<at_cuda_detail::cub::TransformInputIterator<unsigned int, at::native::mbtopk::BlockIdxToKey, at_cuda_detail::cub::CountingInputIterator<unsigned int, unsigned int>, long> >::value_type*, unsigned int, int)",2.0,1.779,50,6ddf1e0-dirty
hf_eager,1,151936,50,0.9,bfloat16,kernel,"void at::native::mbtopk::computeBlockwiseKthCounts<unsigned int>(unsigned int*, short*, unsigned int, unsigned int, unsigned int*)",1.0,1.575,50,6ddf1e0-dirty
hf_eager,1,151936,50,0.9,bfloat16,kernel,"void at::native::vectorized_elementwise_kernel<4, at::native::bitwise_not_kernel_cuda(at::TensorIteratorBase&)::{lambda(bool)#1}, std::array<char*, 2ul> >(int, at::native::bitwise_not_kernel_cuda(at::TensorIteratorBase&)::{lambda(bool)#1}, std::array<char*, 2ul>)",1.0,1.252,50,6ddf1e0-dirty
hf_eager,1,151936,50,0.9,bfloat16,kernel,"void at::native::vectorized_elementwise_kernel<4, at::native::BinaryFunctor<bool, bool, bool, at::native::BitwiseAndFunctor<bool> >, std::array<char*, 3ul> >(int, at::native::BinaryFunctor<bool, bool, bool, at::native::BitwiseAndFunctor<bool> >, std::array<char*, 3ul>)",1.0,1.141,50,6ddf1e0-dirty
hf_eager,1,151936,50,0.9,bfloat16,kernel,"void at::native::vectorized_elementwise_kernel<4, at::native::AUnaryFunctor<float, float, bool, at::native::(anonymous namespace)::CompareEqFunctor<float> >, std::array<char*, 2ul> >(int, at::native::AUnaryFunctor<float, float, bool, at::native::(anonymous namespace)::CompareEqFunctor<float> >, std::array<char*, 2ul>)",1.0,1.053,50,6ddf1e0-dirty
hf_eager,1,151936,50,0.9,bfloat16,kernel,"void at_cuda_detail::cub::DeviceRadixSortExclusiveSumKernel<at_cuda_detail::cub::DeviceRadixSortPolicy<float, at::cuda::cub::detail::OpaqueType<8>, unsigned long long>::Policy900, unsigned long long>(unsigned long long*)",1.0,1.035,50,6ddf1e0-dirty
hf_eager,1,151936,50,0.9,bfloat16,kernel,"void at_cuda_detail::cub::DeviceScanInitKernel<at_cuda_detail::cub::ScanTileState<float, true> >(at_cuda_detail::cub::ScanTileState<float, true>, int)",1.0,0.968,50,6ddf1e0-dirty
hf_eager,1,151936,50,0.9,bfloat16,kernel,"void at::native::unrolled_elementwise_kernel<at::native::FillFunctor<bool>, std::array<char*, 1ul>, 4, TrivialOffsetCalculator<0, unsigned int>, TrivialOffsetCalculator<1, unsigned int>, at::native::memory::LoadWithoutCast, at::native::memory::StoreWithoutCast>(int, at::native::FillFunctor<bool>, std::array<char*, 1ul>, TrivialOffsetCalculator<0, unsigned int>, TrivialOffsetCalculator<1, unsigned int>, at::native::memory::LoadWithoutCast, at::native::memory::StoreWithoutCast)",1.0,0.804,50,6ddf1e0-dirty
hf_eager,1,151936,50,0.9,bfloat16,kernel,"void at::native::mbtopk::fill<unsigned int, unsigned int>(unsigned int*, unsigned int, unsigned int)",1.0,0.797,50,6ddf1e0-dirty
hf_eager,1,151936,50,0.9,bfloat16,total_kernel,,47.0,242.311,50,6ddf1e0-dirty
hf_eager,1,151936,50,0.9,bfloat16,total_memcpy,,5.0,6.252,50,6ddf1e0-dirty
hf_eager,1,151936,50,0.9,bfloat16,total_memset,,12.0,10.435,50,6ddf1e0-dirty
flashinfer_from_probs,1,151936,50,0.9,bfloat16,kernel,"void flashinfer::sampling::RadixTopKKernel_Unified<1024u, 4u, false, true, (flashinfer::sampling::RadixTopKMode)0, float, int>(float*, int*, float*, int const*, int*, int const*, int const*, int const*, long, unsigned int, unsigned int, unsigned int, flashinfer::sampling::RadixRowState*, flashinfer::sampling::RadixDeterministicCollectScratch*, unsigned int, unsigned int)",1.0,20.432,50,6ddf1e0-dirty
flashinfer_from_probs,1,151936,50,0.9,bfloat16,kernel,"void flashinfer::sampling::TopPSamplingFromProbKernel<1024u, (cub::_V_300302_SM_1200::BlockScanAlgorithm)2, (cub::_V_300302_SM_1200::BlockReduceAlgorithm)2, 2u, true, float, int>(float*, int*, bool*, int*, float*, float, unsigned int, unsigned long*, unsigned long, unsigned long*, unsigned long)",1.0,3.841,50,6ddf1e0-dirty
flashinfer_from_probs,1,151936,50,0.9,bfloat16,kernel,"void flashinfer::sampling::StableSortTopKByValueKernel<32u, 4u, int, float>(int*, float*, unsigned int, unsigned int)",1.0,3.588,50,6ddf1e0-dirty
flashinfer_from_probs,1,151936,50,0.9,bfloat16,kernel,"void at::native::unrolled_elementwise_kernel<at::native::direct_copy_kernel_cuda(at::TensorIteratorBase&)::{lambda()#3}::operator()() const::{lambda()#4}::operator()() const::{lambda(long)#1}, std::array<char*, 2ul>, 4, TrivialOffsetCalculator<1, unsigned int>, TrivialOffsetCalculator<1, unsigned int>, at::native::memory::LoadWithCast<1>, at::native::memory::StoreWithCast<1> >(int, at::native::direct_copy_kernel_cuda(at::TensorIteratorBase&)::{lambda()#3}::operator()() const::{lambda()#4}::operator()() const::{lambda(long)#1}, std::array<char*, 2ul>, TrivialOffsetCalculator<1, unsigned int>, TrivialOffsetCalculator<1, unsigned int>, at::native::memory::LoadWithCast<1>, at::native::memory::StoreWithCast<1>)",2.0,2.356,50,6ddf1e0-dirty
flashinfer_from_probs,1,151936,50,0.9,bfloat16,kernel,"void at::native::reduce_kernel<512, 1, at::native::ReduceOp<float, at::native::func_wrapper_t<float, at::native::sum_functor<float, float, float>::operator()(at::TensorIterator&)::{lambda(float, float)#1}>, unsigned int, float, 4, 4> >(at::native::ReduceOp<float, at::native::func_wrapper_t<float, at::native::sum_functor<float, float, float>::operator()(at::TensorIterator&)::{lambda(float, float)#1}>, unsigned int, float, 4, 4>)",1.0,2.112,50,6ddf1e0-dirty
flashinfer_from_probs,1,151936,50,0.9,bfloat16,kernel,"void at::native::_scatter_gather_elementwise_kernel<128, 8, at::native::_cuda_scatter_gather_internal_kernel<false, at::native::OpaqueType<8>, long>::operator()<at::native::TensorAssign>(at::TensorIterator&, long, long, long, at::native::TensorAssign const&)::{lambda(int)#1}>(int, at::native::_cuda_scatter_gather_internal_kernel<false, at::native::OpaqueType<8>, long>::operator()<at::native::TensorAssign>(at::TensorIterator&, long, long, long, at::native::TensorAssign const&)::{lambda(int)#1})",1.0,1.722,50,6ddf1e0-dirty
flashinfer_from_probs,1,151936,50,0.9,bfloat16,kernel,"void at::native::elementwise_kernel<128, 2, at::native::gpu_kernel_impl_nocast<at::native::BinaryFunctor<float, float, float, at::native::binary_internal::DivFunctor<float> > >(at::TensorIteratorBase&, at::native::BinaryFunctor<float, float, float, at::native::binary_internal::DivFunctor<float> > const&)::{lambda(int)#1}>(int, at::native::gpu_kernel_impl_nocast<at::native::BinaryFunctor<float, float, float, at::native::binary_internal::DivFunctor<float> > >(at::TensorIteratorBase&, at::native::BinaryFunctor<float, float, float, at::native::binary_internal::DivFunctor<float> > const&)::{lambda(int)#1})",1.0,1.228,50,6ddf1e0-dirty
flashinfer_from_probs,1,151936,50,0.9,bfloat16,kernel,"void at::native::unrolled_elementwise_kernel<at::native::direct_copy_kernel_cuda(at::TensorIteratorBase&)::{lambda()#3}::operator()() const::{lambda()#3}::operator()() const::{lambda(int)#1}, std::array<char*, 2ul>, 4, TrivialOffsetCalculator<1, unsigned int>, TrivialOffsetCalculator<1, unsigned int>, at::native::memory::LoadWithCast<1>, at::native::memory::StoreWithCast<1> >(int, at::native::direct_copy_kernel_cuda(at::TensorIteratorBase&)::{lambda()#3}::operator()() const::{lambda()#3}::operator()() const::{lambda(int)#1}, std::array<char*, 2ul>, TrivialOffsetCalculator<1, unsigned int>, TrivialOffsetCalculator<1, unsigned int>, at::native::memory::LoadWithCast<1>, at::native::memory::StoreWithCast<1>)",1.0,1.068,50,6ddf1e0-dirty
flashinfer_from_probs,1,151936,50,0.9,bfloat16,total_kernel,,9.0,36.347,50,6ddf1e0-dirty
flashinfer_from_probs,1,151936,50,0.9,bfloat16,total_memcpy,,0,0,50,6ddf1e0-dirty
flashinfer_from_probs,1,151936,50,0.9,bfloat16,total_memset,,0,0,50,6ddf1e0-dirty
fused_kernel,32,151936,50,0.9,bfloat16,kernel,"void (anonymous namespace)::topk_partial_kernel<5>(unsigned short const*, unsigned long*, int, int, int, int, int)",1.0,21.628,50,6ddf1e0-dirty
fused_kernel,32,151936,50,0.9,bfloat16,kernel,"void (anonymous namespace)::merge_sample_kernel<true, 2, 256>(unsigned long const*, long*, int, int, float, unsigned long, unsigned long, at::PhiloxCudaState, bool, bool*, float*)",1.0,6.387,50,6ddf1e0-dirty
fused_kernel,32,151936,50,0.9,bfloat16,total_kernel,,2.0,28.015,50,6ddf1e0-dirty
fused_kernel,32,151936,50,0.9,bfloat16,total_memcpy,,0,0,50,6ddf1e0-dirty
fused_kernel,32,151936,50,0.9,bfloat16,total_memset,,0,0,50,6ddf1e0-dirty
hf_eager,32,151936,50,0.9,bfloat16,kernel,"void at_cuda_detail::cub::DeviceRadixSortOnesweepKernel<at_cuda_detail::cub::DeviceRadixSortPolicy<float, at::cuda::cub::detail::OpaqueType<8>, unsigned long long>::Policy900, false, float, at::cuda::cub::detail::OpaqueType<8>, unsigned long long, int, int, at_cuda_detail::cub::detail::identity_decomposer_t>(int*, int*, unsigned long long*, unsigned long long const*, float*, float const*, at::cuda::cub::detail::OpaqueType<8>*, at::cuda::cub::detail::OpaqueType<8> const*, int, int, int, at_cuda_detail::cub::detail::identity_decomposer_t)",4.0,857.08,50,6ddf1e0-dirty
hf_eager,32,151936,50,0.9,bfloat16,kernel,"void at::native::(anonymous namespace)::sort_postprocess_kernel<float>(float const*, float*, long*, int2 const*, int, int)",1.0,205.788,50,6ddf1e0-dirty
hf_eager,32,151936,50,0.9,bfloat16,kernel,"void at::native::tensor_kernel_scan_innermost_dim<float, std::plus<float> >(float*, float const*, unsigned int, unsigned int, unsigned int, float, std::plus<float>)",1.0,184.04,50,6ddf1e0-dirty
hf_eager,32,151936,50,0.9,bfloat16,kernel,"void at::native::(anonymous namespace)::cunn_SoftMaxForward<4, float, float, float, at::native::(anonymous namespace)::SoftMaxForwardEpilogue>(float*, float const*, int)",2.0,130.591,50,6ddf1e0-dirty
hf_eager,32,151936,50,0.9,bfloat16,kernel,"void at_cuda_detail::cub::DeviceRadixSortOnesweepKernel<at_cuda_detail::cub::DeviceRadixSortPolicy<long, at_cuda_detail::cub::NullType, unsigned long long>::Policy900, false, long, at_cuda_detail::cub::NullType, unsigned long long, int, int, at_cuda_detail::cub::detail::identity_decomposer_t>(int*, int*, unsigned long long*, unsigned long long const*, long*, long const*, at_cuda_detail::cub::NullType*, at_cuda_detail::cub::NullType const*, int, int, int, at_cuda_detail::cub::detail::identity_decomposer_t)",1.0,93.808,50,6ddf1e0-dirty
hf_eager,32,151936,50,0.9,bfloat16,memcpy,Memcpy DtoD (Device -> Device),4.0,71.285,50,6ddf1e0-dirty
hf_eager,32,151936,50,0.9,bfloat16,kernel,"void at::native::_scatter_gather_elementwise_kernel<128, 8, at::native::_cuda_scatter_gather_internal_kernel<true, at::native::OpaqueType<1>, long>::operator()<at::native::TensorAssign>(at::TensorIterator&, long, long, long, at::native::TensorAssign const&)::{lambda(int)#1}>(int, at::native::_cuda_scatter_gather_internal_kernel<true, at::native::OpaqueType<1>, long>::operator()<at::native::TensorAssign>(at::TensorIterator&, long, long, long, at::native::TensorAssign const&)::{lambda(int)#1})",1.0,71.002,50,6ddf1e0-dirty
hf_eager,32,151936,50,0.9,bfloat16,kernel,"at::native::(anonymous namespace)::fill_index_and_segment_kernel(int2*, int, at::cuda::detail::IntDivider<unsigned int>)",1.0,54.146,50,6ddf1e0-dirty
hf_eager,32,151936,50,0.9,bfloat16,kernel,"void at_cuda_detail::cub::DeviceRadixSortHistogramKernel<at_cuda_detail::cub::DeviceRadixSortPolicy<long, at_cuda_detail::cub::NullType, unsigned long long>::Policy900, false, long, unsigned long long, at_cuda_detail::cub::detail::identity_decomposer_t>(unsigned long long*, long const*, unsigned long long, int, int, at_cuda_detail::cub::detail::identity_decomposer_t)",1.0,53.673,50,6ddf1e0-dirty
hf_eager,32,151936,50,0.9,bfloat16,kernel,"void at_cuda_detail::cub::DeviceRadixSortHistogramKernel<at_cuda_detail::cub::DeviceRadixSortPolicy<float, at::cuda::cub::detail::OpaqueType<8>, unsigned long long>::Policy900, false, float, unsigned long long, at_cuda_detail::cub::detail::identity_decomposer_t>(unsigned long long*, float const*, unsigned long long, int, int, at_cuda_detail::cub::detail::identity_decomposer_t)",1.0,50.068,50,6ddf1e0-dirty
hf_eager,32,151936,50,0.9,bfloat16,kernel,"void at::native::mbtopk::radixFindKthValues<float, unsigned int, unsigned int, 2>(at::cuda::detail::TensorInfo<float const, unsigned int>, unsigned int, unsigned int*, unsigned int, unsigned int, int, int, unsigned int, unsigned int, unsigned int*, short*)",4.0,46.738,50,6ddf1e0-dirty
hf_eager,32,151936,50,0.9,bfloat16,kernel,"void at::native::unrolled_elementwise_kernel<at::native::direct_copy_kernel_cuda(at::TensorIteratorBase&)::{lambda()#3}::operator()() const::{lambda()#7}::operator()() const::{lambda(float)#1}, std::array<char*, 2ul>, 4, TrivialOffsetCalculator<1, unsigned int>, TrivialOffsetCalculator<1, unsigned int>, at::native::memory::LoadWithCast<1>, at::native::memory::StoreWithCast<1> >(int, at::native::direct_copy_kernel_cuda(at::TensorIteratorBase&)::{lambda()#3}::operator()() const::{lambda()#7}::operator()() const::{lambda(float)#1}, std::array<char*, 2ul>, TrivialOffsetCalculator<1, unsigned int>, TrivialOffsetCalculator<1, unsigned int>, at::native::memory::LoadWithCast<1>, at::native::memory::StoreWithCast<1>)",1.0,39.526,50,6ddf1e0-dirty
hf_eager,32,151936,50,0.9,bfloat16,kernel,"void at::native::mbtopk::gatherTopK<float, unsigned int, 2>(at::cuda::detail::TensorInfo<float const, unsigned int>, unsigned int, unsigned int, bool, unsigned int, unsigned int, at::cuda::detail::TensorInfo<float, unsigned int>, unsigned int, at::cuda::detail::TensorInfo<long, unsigned int>, unsigned int, unsigned int, unsigned int, float*, unsigned int*, unsigned int*, unsigned int)",1.0,36.54,50,6ddf1e0-dirty
hf_eager,32,151936,50,0.9,bfloat16,kernel,"void at::native::vectorized_elementwise_kernel<4, at::native::(anonymous namespace)::masked_fill_kernel(at::TensorIterator&, c10::Scalar const&)::{lambda()#1}::operator()() const::{lambda()#7}::operator()() const::{lambda(float, bool)#1}, std::array<char*, 3ul> >(int, at::native::(anonymous namespace)::masked_fill_kernel(at::TensorIterator&, c10::Scalar const&)::{lambda()#1}::operator()() const::{lambda()#7}::operator()() const::{lambda(float, bool)#1}, std::array<char*, 3ul>)",2.0,28.843,50,6ddf1e0-dirty
hf_eager,32,151936,50,0.9,bfloat16,kernel,"void at::native::elementwise_kernel<128, 4, at::native::gpu_kernel_impl_nocast<at::native::(anonymous namespace)::CompareFunctor<float> >(at::TensorIteratorBase&, at::native::(anonymous namespace)::CompareFunctor<float> const&)::{lambda(int)#1}>(int, at::native::gpu_kernel_impl_nocast<at::native::(anonymous namespace)::CompareFunctor<float> >(at::TensorIteratorBase&, at::native::(anonymous namespace)::CompareFunctor<float> const&)::{lambda(int)#1})",1.0,19.125,50,6ddf1e0-dirty
hf_eager,32,151936,50,0.9,bfloat16,memset,Memset (Device),15.0,16.513,50,6ddf1e0-dirty
hf_eager,32,151936,50,0.9,bfloat16,kernel,"void at::native::vectorized_elementwise_kernel<4, at::native::BinaryFunctor<float, float, float, at::native::binary_internal::DivFunctor<float> >, std::array<char*, 3ul> >(int, at::native::BinaryFunctor<float, float, float, at::native::binary_internal::DivFunctor<float> >, std::array<char*, 3ul>)",1.0,16.138,50,6ddf1e0-dirty
hf_eager,32,151936,50,0.9,bfloat16,kernel,"void at::native::reduce_kernel<512, 1, at::native::ReduceOp<float, at::native::ArgMaxOps<float>, unsigned int, long, 4, 4> >(at::native::ReduceOp<float, at::native::ArgMaxOps<float>, unsigned int, long, 4, 4>)",1.0,15.74,50,6ddf1e0-dirty
hf_eager,32,151936,50,0.9,bfloat16,kernel,"void at::native::(anonymous namespace)::distribution_elementwise_grid_stride_kernel<float, 4, at::native::templates::cuda::uniform_and_transform<float, float, at::CUDAGeneratorImpl*, at::native::templates::cuda::exponential_kernel<at::CUDAGeneratorImpl*>(at::TensorIteratorBase&, double, at::CUDAGeneratorImpl*)::{lambda()#1}::operator()() const::{lambda()#2}::operator()() const::{lambda(float)#1}>(at::TensorIteratorBase&, at::CUDAGeneratorImpl*, at::native::templates::cuda::exponential_kernel<at::CUDAGeneratorImpl*>(at::TensorIteratorBase&, double, at::CUDAGeneratorImpl*)::{lambda()#1}::operator()() const::{lambda()#2}::operator()() const::{lambda(float)#1})::{lambda(curandStatePhilox4_32_10*)#2}, at::native::(anonymous namespace)::distribution_nullary_kernel<float, float, float4, at::CUDAGeneratorImpl*, at::native::templates::cuda::uniform_and_transform<float, float, at::CUDAGeneratorImpl*, at::native::templates::cuda::exponential_kernel<at::CUDAGeneratorImpl*>(at::TensorIteratorBase&, double, at::CUDAGeneratorImpl*)::{lambda()#1}::operator()() const::{lambda()#2}::operator()() const::{lambda(float)#1}>(at::TensorIteratorBase&, at::CUDAGeneratorImpl*, at::native::templates::cuda::exponential_kernel<at::CUDAGeneratorImpl*>(at::TensorIteratorBase&, double, at::CUDAGeneratorImpl*)::{lambda()#1}::operator()() const::{lambda()#2}::operator()() const::{lambda(float)#1})::{lambda(curandStatePhilox4_32_10*)#2}, at::native::templates::cuda::exponential_kernel<at::CUDAGeneratorImpl*>(at::TensorIteratorBase&, double, at::CUDAGeneratorImpl*)::{lambda()#1}::operator()() const::{lambda()#2}::operator()() const::{lambda(float)#1}>(at::TensorIteratorBase&, at::CUDAGeneratorImpl*, at::native::templates::cuda::uniform_and_transform<float, float, at::CUDAGeneratorImpl*, at::native::templates::cuda::exponential_kernel<at::CUDAGeneratorImpl*>(at::TensorIteratorBase&, double, at::CUDAGeneratorImpl*)::{lambda()#1}::operator()() const::{lambda()#2}::operator()() const::{lambda(float)#1}>(at::TensorIteratorBase&, at::CUDAGeneratorImpl*, at::native::templates::cuda::exponential_kernel<at::CUDAGeneratorImpl*>(at::TensorIteratorBase&, double, at::CUDAGeneratorImpl*)::{lambda()#1}::operator()() const::{lambda()#2}::operator()() const::{lambda(float)#1})::{lambda(curandStatePhilox4_32_10*)#2} const&, at::native::templates::cuda::exponential_kernel<at::CUDAGeneratorImpl*>(at::TensorIteratorBase&, double, at::CUDAGeneratorImpl*)::{lambda()#1}::operator()() const::{lambda()#2}::operator()() const::{lambda(float)#1})::{lambda(int, float)#1}>(long, at::PhiloxCudaState, at::native::templates::cuda::uniform_and_transform<float, float, at::CUDAGeneratorImpl*, at::native::templates::cuda::exponential_kernel<at::CUDAGeneratorImpl*>(at::TensorIteratorBase&, double, at::CUDAGeneratorImpl*)::{lambda()#1}::operator()() const::{lambda()#2}::operator()() const::{lambda(float)#1}>(at::TensorIteratorBase&, at::CUDAGeneratorImpl*, at::native::templates::cuda::exponential_kernel<at::CUDAGeneratorImpl*>(at::TensorIteratorBase&, double, at::CUDAGeneratorImpl*)::{lambda()#1}::operator()() const::{lambda()#2}::operator()() const::{lambda(float)#1})::{lambda(curandStatePhilox4_32_10*)#2}, at::native::(anonymous namespace)::distribution_nullary_kernel<float, float, float4, at::CUDAGeneratorImpl*, at::native::templates::cuda::uniform_and_transform<float, float, at::CUDAGeneratorImpl*, at::native::templates::cuda::exponential_kernel<at::CUDAGeneratorImpl*>(at::TensorIteratorBase&, double, at::CUDAGeneratorImpl*)::{lambda()#1}::operator()() const::{lambda()#2}::operator()() const::{lambda(float)#1}>(at::TensorIteratorBase&, at::CUDAGeneratorImpl*, at::native::templates::cuda::exponential_kernel<at::CUDAGeneratorImpl*>(at::TensorIteratorBase&, double, at::CUDAGeneratorImpl*)::{lambda()#1}::operator()() const::{lambda()#2}::operator()() const::{lambda(float)#1})::{lambda(curandStatePhilox4_32_10*)#2}, at::native::templates::cuda::exponential_kernel<at::CUDAGeneratorImpl*>(at::TensorIteratorBase&, double, at::CUDAGeneratorImpl*)::{lambda()#1}::operator()() const::{lambda()#2}::operator()() const::{lambda(float)#1}>(at::TensorIteratorBase&, at::CUDAGeneratorImpl*, at::native::templates::cuda::uniform_and_transform<float, float, at::CUDAGeneratorImpl*, at::native::templates::cuda::exponential_kernel<at::CUDAGeneratorImpl*>(at::TensorIteratorBase&, double, at::CUDAGeneratorImpl*)::{lambda()#1}::operator()() const::{lambda()#2}::operator()() const::{lambda(float)#1}>(at::TensorIteratorBase&, at::CUDAGeneratorImpl*, at::native::templates::cuda::exponential_kernel<at::CUDAGeneratorImpl*>(at::TensorIteratorBase&, double, at::CUDAGeneratorImpl*)::{lambda()#1}::operator()() const::{lambda()#2}::operator()() const::{lambda(float)#1})::{lambda(curandStatePhilox4_32_10*)#2} const&, at::native::templates::cuda::exponential_kernel<at::CUDAGeneratorImpl*>(at::TensorIteratorBase&, double, at::CUDAGeneratorImpl*)::{lambda()#1}::operator()() const::{lambda()#2}::operator()() const::{lambda(float)#1})::{lambda(int, float)#1})",1.0,14.845,50,6ddf1e0-dirty
hf_eager,32,151936,50,0.9,bfloat16,kernel,"void at::native::mbtopk::computeBlockwiseWithinKCounts<unsigned int, float>(unsigned int*, short*, unsigned int*, unsigned int, int, bool, unsigned int*, float*, unsigned int*, unsigned int*, unsigned int)",4.0,13.25,50,6ddf1e0-dirty
hf_eager,32,151936,50,0.9,bfloat16,kernel,"void at::native::reduce_kernel<512, 1, at::native::ReduceOp<float, at::native::func_wrapper_t<float, at::native::sum_functor<float, float, float>::operator()(at::TensorIterator&)::{lambda(float, float)#1}>, unsigned int, float, 4, 4> >(at::native::ReduceOp<float, at::native::func_wrapper_t<float, at::native::sum_functor<float, float, float>::operator()(at::TensorIterator&)::{lambda(float, float)#1}>, unsigned int, float, 4, 4>)",1.0,12.587,50,6ddf1e0-dirty
hf_eager,32,151936,50,0.9,bfloat16,kernel,"void at::native::reduce_kernel<512, 1, at::native::ReduceOp<float, at::native::func_wrapper_t<float, at::native::MinNanFunctor<float> >, unsigned int, float, 4, 4> >(at::native::ReduceOp<float, at::native::func_wrapper_t<float, at::native::MinNanFunctor<float> >, unsigned int, float, 4, 4>)",1.0,9.827,50,6ddf1e0-dirty
hf_eager,32,151936,50,0.9,bfloat16,kernel,"void at::native::vectorized_elementwise_kernel<4, at::native::compare_scalar_kernel<float>(at::TensorIteratorBase&, at::native::(anonymous namespace)::OpType, float)::{lambda(float)#1}, std::array<char*, 2ul> >(int, at::native::compare_scalar_kernel<float>(at::TensorIteratorBase&, at::native::(anonymous namespace)::OpType, float)::{lambda(float)#1}, std::array<char*, 2ul>)",3.0,9.801,50,6ddf1e0-dirty
hf_eager,32,151936,50,0.9,bfloat16,kernel,"void at::native::reduce_kernel<512, 1, at::native::ReduceOp<float, at::native::func_wrapper_t<float, at::native::MaxNanFunctor<float> >, unsigned int, float, 4, 4> >(at::native::ReduceOp<float, at::native::func_wrapper_t<float, at::native::MaxNanFunctor<float> >, unsigned int, float, 4, 4>)",1.0,9.779,50,6ddf1e0-dirty
hf_eager,32,151936,50,0.9,bfloat16,kernel,"void at_cuda_detail::cub::DeviceScanByKeyKernel<at_cuda_detail::cub::DeviceScanByKeyPolicy<at_cuda_detail::cub::TransformInputIterator<unsigned int, at::native::mbtopk::BlockIdxToKey, at_cuda_detail::cub::CountingInputIterator<unsigned int, unsigned int>, long>, unsigned int, unsigned int, cuda::std::__4::plus<void> >::Policy900, at_cuda_detail::cub::TransformInputIterator<unsigned int, at::native::mbtopk::BlockIdxToKey, at_cuda_detail::cub::CountingInputIterator<unsigned int, unsigned int>, long>, unsigned int*, unsigned int*, at_cuda_detail::cub::ReduceByKeyScanTileState<unsigned int, int, true>, cuda::std::__4::equal_to<void>, cuda::std::__4::plus<void>, at_cuda_detail::cub::NullType, int, unsigned int, unsigned int>(at_cuda_detail::cub::TransformInputIterator<unsigned int, at::native::mbtopk::BlockIdxToKey, at_cuda_detail::cub::CountingInputIterator<unsigned int, unsigned int>, long>, unsigned int*, unsigned int*, unsigned int*, at_cuda_detail::cub::ReduceByKeyScanTileState<unsigned int, int, true>, int, cuda::std::__4::equal_to<void>, cuda::std::__4::plus<void>, at_cuda_detail::cub::NullType, int)",2.0,5.571,50,6ddf1e0-dirty
hf_eager,32,151936,50,0.9,bfloat16,kernel,"void at::native::radixSortKVInPlace<2, -1, 32, 4, float, long, unsigned int>(at::cuda::detail::TensorInfo<float, unsigned int>, unsigned int, unsigned int, unsigned int, at::cuda::detail::TensorInfo<long, unsigned int>, unsigned int, bool)",1.0,4.413,50,6ddf1e0-dirty
hf_eager,32,151936,50,0.9,bfloat16,kernel,"void at::native::_assert_async_cuda_kernel<bool>(bool const*, at::native::Msg)",2.0,3.84,50,6ddf1e0-dirty
hf_eager,32,151936,50,0.9,bfloat16,kernel,"void at::native::reduce_kernel<512, 1, at::native::ReduceOp<bool, at::native::func_wrapper_t<bool, at::native::or_kernel_cuda(at::TensorIterator&)::{lambda()#1}::operator()() const::{lambda()#12}::operator()() const::{lambda(bool, bool)#1}>, unsigned int, bool, 4, 4> >(at::native::ReduceOp<bool, at::native::func_wrapper_t<bool, at::native::or_kernel_cuda(at::TensorIterator&)::{lambda()#1}::operator()() const::{lambda()#12}::operator()() const::{lambda(bool, bool)#1}>, unsigned int, bool, 4, 4>)",1.0,2.09,50,6ddf1e0-dirty
hf_eager,32,151936,50,0.9,bfloat16,kernel,"void at::native::mbtopk::computeBlockwiseKthCounts<unsigned int>(unsigned int*, short*, unsigned int, unsigned int, unsigned int*)",1.0,1.701,50,6ddf1e0-dirty
hf_eager,32,151936,50,0.9,bfloat16,kernel,"void at::native::elementwise_kernel<128, 4, at::native::gpu_kernel_impl_nocast<at::native::FillFunctor<bool> >(at::TensorIteratorBase&, at::native::FillFunctor<bool> const&)::{lambda(int)#1}>(int, at::native::gpu_kernel_impl_nocast<at::native::FillFunctor<bool> >(at::TensorIteratorBase&, at::native::FillFunctor<bool> const&)::{lambda(int)#1})",1.0,1.697,50,6ddf1e0-dirty
hf_eager,32,151936,50,0.9,bfloat16,kernel,"void at_cuda_detail::cub::DeviceScanByKeyInitKernel<at_cuda_detail::cub::ReduceByKeyScanTileState<unsigned int, int, true>, at_cuda_detail::cub::TransformInputIterator<unsigned int, at::native::mbtopk::BlockIdxToKey, at_cuda_detail::cub::CountingInputIterator<unsigned int, unsigned int>, long> >(at_cuda_detail::cub::ReduceByKeyScanTileState<unsigned int, int, true>, at_cuda_detail::cub::TransformInputIterator<unsigned int, at::native::mbtopk::BlockIdxToKey, at_cuda_detail::cub::CountingInputIterator<unsigned int, unsigned int>, long>, std::iterator_traits<at_cuda_detail::cub::TransformInputIterator<unsigned int, at::native::mbtopk::BlockIdxToKey, at_cuda_detail::cub::CountingInputIterator<unsigned int, unsigned int>, long> >::value_type*, unsigned int, int)",2.0,1.619,50,6ddf1e0-dirty
hf_eager,32,151936,50,0.9,bfloat16,kernel,"void at::native::vectorized_elementwise_kernel<4, at::native::BinaryFunctor<bool, bool, bool, at::native::BitwiseAndFunctor<bool> >, std::array<char*, 3ul> >(int, at::native::BinaryFunctor<bool, bool, bool, at::native::BitwiseAndFunctor<bool> >, std::array<char*, 3ul>)",1.0,1.386,50,6ddf1e0-dirty
hf_eager,32,151936,50,0.9,bfloat16,kernel,"void at_cuda_detail::cub::DeviceRadixSortExclusiveSumKernel<at_cuda_detail::cub::DeviceRadixSortPolicy<long, at_cuda_detail::cub::NullType, unsigned long long>::Policy900, unsigned long long>(unsigned long long*)",1.0,1.302,50,6ddf1e0-dirty
hf_eager,32,151936,50,0.9,bfloat16,kernel,"void at_cuda_detail::cub::DeviceRadixSortExclusiveSumKernel<at_cuda_detail::cub::DeviceRadixSortPolicy<float, at::cuda::cub::detail::OpaqueType<8>, unsigned long long>::Policy900, unsigned long long>(unsigned long long*)",1.0,1.243,50,6ddf1e0-dirty
hf_eager,32,151936,50,0.9,bfloat16,kernel,"void at::native::vectorized_elementwise_kernel<4, at::native::bitwise_not_kernel_cuda(at::TensorIteratorBase&)::{lambda(bool)#1}, std::array<char*, 2ul> >(int, at::native::bitwise_not_kernel_cuda(at::TensorIteratorBase&)::{lambda(bool)#1}, std::array<char*, 2ul>)",1.0,1.162,50,6ddf1e0-dirty
hf_eager,32,151936,50,0.9,bfloat16,kernel,"void at::native::mbtopk::fill<unsigned int, unsigned int>(unsigned int*, unsigned int, unsigned int)",1.0,1.143,50,6ddf1e0-dirty
hf_eager,32,151936,50,0.9,bfloat16,kernel,"void at::native::vectorized_elementwise_kernel<4, at::native::AUnaryFunctor<float, float, bool, at::native::(anonymous namespace)::CompareEqFunctor<float> >, std::array<char*, 2ul> >(int, at::native::AUnaryFunctor<float, float, bool, at::native::(anonymous namespace)::CompareEqFunctor<float> >, std::array<char*, 2ul>)",1.0,1.004,50,6ddf1e0-dirty
hf_eager,32,151936,50,0.9,bfloat16,total_kernel,,51.0,2001.104,50,6ddf1e0-dirty
hf_eager,32,151936,50,0.9,bfloat16,total_memcpy,,4.0,71.285,50,6ddf1e0-dirty
hf_eager,32,151936,50,0.9,bfloat16,total_memset,,15.0,16.513,50,6ddf1e0-dirty
flashinfer_from_probs,32,151936,50,0.9,bfloat16,kernel,"void flashinfer::sampling::RadixTopKKernel_Unified<1024u, 4u, false, true, (flashinfer::sampling::RadixTopKMode)0, float, int>(float*, int*, float*, int const*, int*, int const*, int const*, int const*, long, unsigned int, unsigned int, unsigned int, flashinfer::sampling::RadixRowState*, flashinfer::sampling::RadixDeterministicCollectScratch*, unsigned int, unsigned int)",1.0,76.678,50,6ddf1e0-dirty
flashinfer_from_probs,32,151936,50,0.9,bfloat16,kernel,"void flashinfer::sampling::TopPSamplingFromProbKernel<1024u, (cub::_V_300302_SM_1200::BlockScanAlgorithm)2, (cub::_V_300302_SM_1200::BlockReduceAlgorithm)2, 2u, true, float, int>(float*, int*, bool*, int*, float*, float, unsigned int, unsigned long*, unsigned long, unsigned long*, unsigned long)",1.0,6.14,50,6ddf1e0-dirty
flashinfer_from_probs,32,151936,50,0.9,bfloat16,kernel,"void flashinfer::sampling::StableSortTopKByValueKernel<32u, 4u, int, float>(int*, float*, unsigned int, unsigned int)",1.0,3.453,50,6ddf1e0-dirty
flashinfer_from_probs,32,151936,50,0.9,bfloat16,kernel,"void at::native::unrolled_elementwise_kernel<at::native::direct_copy_kernel_cuda(at::TensorIteratorBase&)::{lambda()#3}::operator()() const::{lambda()#4}::operator()() const::{lambda(long)#1}, std::array<char*, 2ul>, 4, TrivialOffsetCalculator<1, unsigned int>, TrivialOffsetCalculator<1, unsigned int>, at::native::memory::LoadWithCast<1>, at::native::memory::StoreWithCast<1> >(int, at::native::direct_copy_kernel_cuda(at::TensorIteratorBase&)::{lambda()#3}::operator()() const::{lambda()#4}::operator()() const::{lambda(long)#1}, std::array<char*, 2ul>, TrivialOffsetCalculator<1, unsigned int>, TrivialOffsetCalculator<1, unsigned int>, at::native::memory::LoadWithCast<1>, at::native::memory::StoreWithCast<1>)",2.0,3.142,50,6ddf1e0-dirty
flashinfer_from_probs,32,151936,50,0.9,bfloat16,kernel,"void at::native::reduce_kernel<512, 1, at::native::ReduceOp<float, at::native::func_wrapper_t<float, at::native::sum_functor<float, float, float>::operator()(at::TensorIterator&)::{lambda(float, float)#1}>, unsigned int, float, 4, 4> >(at::native::ReduceOp<float, at::native::func_wrapper_t<float, at::native::sum_functor<float, float, float>::operator()(at::TensorIterator&)::{lambda(float, float)#1}>, unsigned int, float, 4, 4>)",1.0,2.116,50,6ddf1e0-dirty
flashinfer_from_probs,32,151936,50,0.9,bfloat16,kernel,"void at::native::_scatter_gather_elementwise_kernel<128, 8, at::native::_cuda_scatter_gather_internal_kernel<false, at::native::OpaqueType<8>, long>::operator()<at::native::TensorAssign>(at::TensorIterator&, long, long, long, at::native::TensorAssign const&)::{lambda(int)#1}>(int, at::native::_cuda_scatter_gather_internal_kernel<false, at::native::OpaqueType<8>, long>::operator()<at::native::TensorAssign>(at::TensorIterator&, long, long, long, at::native::TensorAssign const&)::{lambda(int)#1})",1.0,1.756,50,6ddf1e0-dirty
flashinfer_from_probs,32,151936,50,0.9,bfloat16,kernel,"void at::native::elementwise_kernel<128, 2, at::native::gpu_kernel_impl_nocast<at::native::BinaryFunctor<float, float, float, at::native::binary_internal::DivFunctor<float> > >(at::TensorIteratorBase&, at::native::BinaryFunctor<float, float, float, at::native::binary_internal::DivFunctor<float> > const&)::{lambda(int)#1}>(int, at::native::gpu_kernel_impl_nocast<at::native::BinaryFunctor<float, float, float, at::native::binary_internal::DivFunctor<float> > >(at::TensorIteratorBase&, at::native::BinaryFunctor<float, float, float, at::native::binary_internal::DivFunctor<float> > const&)::{lambda(int)#1})",1.0,1.511,50,6ddf1e0-dirty
flashinfer_from_probs,32,151936,50,0.9,bfloat16,kernel,"void at::native::unrolled_elementwise_kernel<at::native::direct_copy_kernel_cuda(at::TensorIteratorBase&)::{lambda()#3}::operator()() const::{lambda()#3}::operator()() const::{lambda(int)#1}, std::array<char*, 2ul>, 4, TrivialOffsetCalculator<1, unsigned int>, TrivialOffsetCalculator<1, unsigned int>, at::native::memory::LoadWithCast<1>, at::native::memory::StoreWithCast<1> >(int, at::native::direct_copy_kernel_cuda(at::TensorIteratorBase&)::{lambda()#3}::operator()() const::{lambda()#3}::operator()() const::{lambda(int)#1}, std::array<char*, 2ul>, TrivialOffsetCalculator<1, unsigned int>, TrivialOffsetCalculator<1, unsigned int>, at::native::memory::LoadWithCast<1>, at::native::memory::StoreWithCast<1>)",1.0,1.031,50,6ddf1e0-dirty
flashinfer_from_probs,32,151936,50,0.9,bfloat16,total_kernel,,9.0,95.828,50,6ddf1e0-dirty
flashinfer_from_probs,32,151936,50,0.9,bfloat16,total_memcpy,,0,0,50,6ddf1e0-dirty
flashinfer_from_probs,32,151936,50,0.9,bfloat16,total_memset,,0,0,50,6ddf1e0-dirty
