op,batch,vocab,dtype,splits,blocks,median_us,p05_us,p95_us,mean_us,stdev_us,reps,iters,warmup,logits_bytes,dram_floor_us,floor_frac_of_latency,git_commit,round
fused_k20,1,151936,bfloat16,1,1,56.567,53.381,56.570,55.619,1.616,5,2288,228,303872,0.550,0.009720,d544983-dirty,0
fused_k20,1,151936,bfloat16,2,2,33.928,33.918,33.969,33.937,0.024,5,3556,355,303872,0.550,0.016206,d544983-dirty,0
fused_k20,1,151936,bfloat16,4,4,23.695,23.691,23.702,23.696,0.006,5,4966,496,303872,0.550,0.023204,d544983-dirty,0
fused_k20,1,151936,bfloat16,8,8,18.490,18.483,18.490,18.488,0.004,5,5000,500,303872,0.550,0.029736,d544983-dirty,0
fused_k20,1,151936,bfloat16,16,16,18.470,18.466,18.473,18.469,0.003,5,5000,500,303872,0.550,0.029769,d544983-dirty,0
fused_k20,1,151936,bfloat16,20,20,16.452,16.448,16.458,16.452,0.005,5,5000,500,303872,0.550,0.033420,d544983-dirty,0
fused_k20,1,151936,bfloat16,32,32,20.475,20.468,20.478,20.473,0.004,5,5000,500,303872,0.550,0.026854,d544983-dirty,0
fused_k50,1,151936,bfloat16,1,1,58.694,58.668,58.755,58.707,0.039,5,2061,206,303872,0.550,0.009368,d544983-dirty,0
fused_k50,1,151936,bfloat16,2,2,36.966,36.954,36.994,36.971,0.018,5,3206,320,303872,0.550,0.014874,d544983-dirty,0
fused_k50,1,151936,bfloat16,4,4,26.575,26.572,26.582,26.576,0.005,5,4433,443,303872,0.550,0.020690,d544983-dirty,0
fused_k50,1,151936,bfloat16,8,8,22.451,22.435,22.456,22.448,0.010,5,5000,500,303872,0.550,0.024490,d544983-dirty,0
fused_k50,1,151936,bfloat16,16,16,22.841,22.839,22.844,22.841,0.002,5,5000,500,303872,0.550,0.024072,d544983-dirty,0
fused_k50,1,151936,bfloat16,20,20,21.720,21.709,21.740,21.723,0.013,5,5000,500,303872,0.550,0.025315,d544983-dirty,0
fused_k100,1,151936,bfloat16,1,1,61.352,61.324,61.391,61.352,0.030,5,1949,194,303872,0.550,0.008962,d544983-dirty,0
fused_k100,1,151936,bfloat16,2,2,40.201,40.176,40.225,40.200,0.022,5,3017,301,303872,0.550,0.013677,d544983-dirty,0
fused_k100,1,151936,bfloat16,4,4,29.800,29.755,29.821,29.793,0.029,5,4042,404,303872,0.550,0.018451,d544983-dirty,0
fused_k100,1,151936,bfloat16,8,8,28.686,28.676,28.693,28.684,0.008,5,4088,408,303872,0.550,0.019167,d544983-dirty,0
fused_k20,4,151936,bfloat16,1,4,57.081,57.064,57.089,57.077,0.011,5,2086,208,1215488,2.199,0.038530,d544983-dirty,0
fused_k20,4,151936,bfloat16,2,8,34.306,34.287,34.328,34.306,0.018,5,3541,354,1215488,2.199,0.064109,d544983-dirty,0
fused_k20,4,151936,bfloat16,4,16,23.950,23.929,23.952,23.944,0.011,5,4969,496,1215488,2.199,0.091828,d544983-dirty,0
fused_k20,4,151936,bfloat16,8,32,19.404,19.402,19.411,19.406,0.004,5,5000,500,1215488,2.199,0.113341,d544983-dirty,0
fused_k20,4,151936,bfloat16,16,64,18.467,18.465,18.470,18.467,0.002,5,5000,500,1215488,2.199,0.119096,d544983-dirty,0
fused_k20,4,151936,bfloat16,20,80,18.474,18.468,18.478,18.473,0.005,5,5000,500,1215488,2.199,0.119051,d544983-dirty,0
fused_k20,4,151936,bfloat16,32,128,22.387,22.385,22.390,22.387,0.003,5,5000,500,1215488,2.199,0.098240,d544983-dirty,0
fused_k50,4,151936,bfloat16,1,4,59.301,59.279,59.344,59.311,0.029,5,2025,202,1215488,2.199,0.037087,d544983-dirty,0
fused_k50,4,151936,bfloat16,2,8,37.072,37.058,37.094,37.075,0.016,5,3227,322,1215488,2.199,0.059326,d544983-dirty,0
fused_k50,4,151936,bfloat16,4,16,27.370,27.361,27.389,27.372,0.012,5,4434,443,1215488,2.199,0.080356,d544983-dirty,0
fused_k50,4,151936,bfloat16,8,32,23.290,23.261,23.309,23.286,0.023,5,5000,500,1215488,2.199,0.094432,d544983-dirty,0
fused_k50,4,151936,bfloat16,16,64,22.914,22.903,22.925,22.914,0.009,5,5000,500,1215488,2.199,0.095979,d544983-dirty,0
fused_k50,4,151936,bfloat16,20,80,23.757,23.744,23.760,23.753,0.007,5,5000,500,1215488,2.199,0.092574,d544983-dirty,0
fused_k100,4,151936,bfloat16,1,4,61.904,61.879,61.925,61.903,0.020,5,1939,193,1215488,2.199,0.035528,d544983-dirty,0
fused_k100,4,151936,bfloat16,2,8,40.735,40.702,40.742,40.727,0.019,5,2912,291,1215488,2.199,0.053991,d544983-dirty,0
fused_k100,4,151936,bfloat16,4,16,31.923,31.874,31.949,31.916,0.033,5,3749,374,1215488,2.199,0.068894,d544983-dirty,0
fused_k100,4,151936,bfloat16,8,32,29.388,29.366,29.412,29.386,0.021,5,4002,400,1215488,2.199,0.074836,d544983-dirty,0
fused_k20,8,151936,bfloat16,1,8,57.089,57.059,57.102,57.085,0.020,5,2087,208,2430976,4.399,0.077049,d544983-dirty,0
fused_k20,8,151936,bfloat16,2,16,34.823,34.818,34.827,34.823,0.004,5,3425,342,2430976,4.399,0.126315,d544983-dirty,0
fused_k20,8,151936,bfloat16,4,32,24.062,24.045,24.126,24.078,0.038,5,4941,494,2430976,4.399,0.182801,d544983-dirty,0
fused_k20,8,151936,bfloat16,8,64,18.899,18.878,18.923,18.899,0.020,5,5000,500,2430976,4.399,0.232738,d544983-dirty,0
fused_k20,8,151936,bfloat16,16,128,18.868,18.848,19.485,19.019,0.345,5,5000,500,2430976,4.399,0.233124,d544983-dirty,0
fused_k20,8,151936,bfloat16,20,160,19.015,19.011,19.024,19.017,0.006,5,5000,500,2430976,4.399,0.231323,d544983-dirty,0
fused_k20,8,151936,bfloat16,32,256,23.613,23.548,23.645,23.598,0.045,5,5000,500,2430976,4.399,0.186280,d544983-dirty,0
fused_k50,8,151936,bfloat16,1,8,59.254,57.233,59.274,58.756,1.133,5,2223,222,2430976,4.399,0.074234,d544983-dirty,0
fused_k50,8,151936,bfloat16,2,16,37.164,37.156,37.176,37.165,0.009,5,3234,323,2430976,4.399,0.118356,d544983-dirty,0
fused_k50,8,151936,bfloat16,4,32,27.673,27.667,27.720,27.683,0.027,5,4385,438,2430976,4.399,0.158949,d544983-dirty,0
fused_k50,8,151936,bfloat16,8,64,23.503,23.495,23.524,23.507,0.013,5,5000,500,2430976,4.399,0.187151,d544983-dirty,0
fused_k50,8,151936,bfloat16,16,128,24.608,24.603,24.773,24.648,0.093,5,4653,465,2430976,4.399,0.178750,d544983-dirty,0
fused_k50,8,151936,bfloat16,20,160,24.607,24.606,24.608,24.607,0.001,5,4719,471,2430976,4.399,0.178756,d544983-dirty,0
fused_k100,8,151936,bfloat16,1,8,62.302,59.502,62.324,61.525,1.465,5,2058,205,2430976,4.399,0.070601,d544983-dirty,0
fused_k100,8,151936,bfloat16,2,16,40.811,40.783,40.853,40.814,0.031,5,2911,291,2430976,4.399,0.107781,d544983-dirty,0
fused_k100,8,151936,bfloat16,4,32,32.011,31.981,32.033,32.010,0.023,5,3711,371,2430976,4.399,0.137409,d544983-dirty,0
fused_k100,8,151936,bfloat16,8,64,29.328,29.313,29.346,29.327,0.015,5,4036,403,2430976,4.399,0.149983,d544983-dirty,0
fused_k20,16,151936,bfloat16,1,16,57.333,57.319,57.335,57.328,0.008,5,2076,207,4861952,8.797,0.153442,d544983-dirty,0
fused_k20,16,151936,bfloat16,2,32,34.822,34.815,34.832,34.823,0.008,5,3444,344,4861952,8.797,0.252637,d544983-dirty,0
fused_k20,16,151936,bfloat16,4,64,23.233,23.230,23.435,23.283,0.112,5,4856,485,4861952,8.797,0.378660,d544983-dirty,0
fused_k20,16,151936,bfloat16,8,128,20.596,20.539,20.612,20.583,0.033,5,5000,500,4861952,8.797,0.427132,d544983-dirty,0
fused_k20,16,151936,bfloat16,16,256,24.633,24.629,24.634,24.632,0.002,5,4807,480,4861952,8.797,0.357140,d544983-dirty,0
fused_k20,16,151936,bfloat16,20,320,24.612,24.611,24.612,24.612,0.001,5,4807,480,4861952,8.797,0.357436,d544983-dirty,0
fused_k20,16,151936,bfloat16,32,512,30.722,30.677,30.724,30.708,0.023,5,3853,385,4861952,8.797,0.286351,d544983-dirty,0
fused_k50,16,151936,bfloat16,1,16,55.688,55.661,55.738,55.690,0.036,5,2155,215,4861952,8.797,0.157974,d544983-dirty,0
fused_k50,16,151936,bfloat16,2,32,34.907,34.890,34.934,34.908,0.020,5,3418,341,4861952,8.797,0.252019,d544983-dirty,0
fused_k50,16,151936,bfloat16,4,64,26.315,26.302,26.323,26.312,0.010,5,4491,449,4861952,8.797,0.334310,d544983-dirty,0
fused_k50,16,151936,bfloat16,8,128,24.918,24.522,24.990,24.835,0.228,5,4980,498,4861952,8.797,0.353053,d544983-dirty,0
fused_k50,16,151936,bfloat16,16,256,30.380,30.366,30.440,30.395,0.034,5,3844,384,4861952,8.797,0.289577,d544983-dirty,0
fused_k50,16,151936,bfloat16,20,320,28.913,28.889,28.946,28.919,0.026,5,4110,411,4861952,8.797,0.304270,d544983-dirty,0
fused_k100,16,151936,bfloat16,1,16,58.943,58.891,58.986,58.934,0.043,5,2063,206,4861952,8.797,0.149251,d544983-dirty,0
fused_k100,16,151936,bfloat16,2,32,38.631,38.613,38.647,38.631,0.014,5,3081,308,4861952,8.797,0.227726,d544983-dirty,0
fused_k100,16,151936,bfloat16,4,64,29.565,29.555,29.567,29.562,0.006,5,4087,408,4861952,8.797,0.297559,d544983-dirty,0
fused_k100,16,151936,bfloat16,8,128,30.837,30.836,30.846,30.840,0.005,5,3856,385,4861952,8.797,0.285279,d544983-dirty,0
fused_k20,32,151936,bfloat16,1,32,53.741,53.725,53.758,53.741,0.014,5,2218,221,9723904,17.595,0.327397,d544983-dirty,0
fused_k20,32,151936,bfloat16,2,64,32.984,32.837,33.056,32.959,0.100,5,3620,362,9723904,17.595,0.533432,d544983-dirty,0
fused_k20,32,151936,bfloat16,4,128,29.122,29.114,29.144,29.127,0.014,5,4181,418,9723904,17.595,0.604166,d544983-dirty,0
fused_k20,32,151936,bfloat16,8,256,30.481,30.472,30.517,30.489,0.021,5,4005,400,9723904,17.595,0.577227,d544983-dirty,0
fused_k20,32,151936,bfloat16,16,512,34.877,34.872,34.885,34.878,0.006,5,3409,340,9723904,17.595,0.504474,d544983-dirty,0
fused_k20,32,151936,bfloat16,20,640,35.049,35.024,35.089,35.055,0.028,5,3410,341,9723904,17.595,0.501993,d544983-dirty,0
fused_k20,32,151936,bfloat16,32,1024,44.773,44.760,44.798,44.775,0.017,5,2659,265,9723904,17.595,0.392971,d544983-dirty,0
fused_k50,32,151936,bfloat16,1,32,56.162,56.135,56.262,56.177,0.063,5,2151,215,9723904,17.595,0.313283,d544983-dirty,0
fused_k50,32,151936,bfloat16,2,64,35.396,34.980,35.481,35.281,0.234,5,3410,341,9723904,17.595,0.497079,d544983-dirty,0
fused_k50,32,151936,bfloat16,4,128,32.187,32.180,32.199,32.189,0.009,5,3718,371,9723904,17.595,0.546627,d544983-dirty,0
fused_k50,32,151936,bfloat16,8,256,34.605,34.594,34.615,34.605,0.009,5,3486,348,9723904,17.595,0.508434,d544983-dirty,0
fused_k50,32,151936,bfloat16,16,512,41.468,41.449,41.474,41.465,0.012,5,2935,293,9723904,17.595,0.424293,d544983-dirty,0
fused_k50,32,151936,bfloat16,20,640,41.689,41.668,41.703,41.687,0.016,5,2890,289,9723904,17.595,0.422045,d544983-dirty,0
fused_k100,32,151936,bfloat16,1,32,59.627,59.610,59.748,59.652,0.070,5,2013,201,9723904,17.595,0.295074,d544983-dirty,0
fused_k100,32,151936,bfloat16,2,64,39.533,39.061,39.646,39.392,0.271,5,3065,306,9723904,17.595,0.445058,d544983-dirty,0
fused_k100,32,151936,bfloat16,4,128,36.451,36.420,36.455,36.444,0.017,5,3263,326,9723904,17.595,0.482684,d544983-dirty,0
fused_k100,32,151936,bfloat16,8,256,40.811,40.803,40.875,40.826,0.036,5,2961,296,9723904,17.595,0.431125,d544983-dirty,0
fused_k20,1,151936,bfloat16,1,1,52.421,52.389,52.478,52.429,0.039,5,2263,226,303872,0.550,0.010489,d544983-dirty,1
fused_k20,1,151936,bfloat16,2,2,32.632,32.629,32.649,32.636,0.010,5,3639,363,303872,0.550,0.016849,d544983-dirty,1
fused_k20,1,151936,bfloat16,4,4,22.745,22.731,22.762,22.746,0.014,5,5000,500,303872,0.550,0.024174,d544983-dirty,1
fused_k20,1,151936,bfloat16,8,8,18.463,18.459,18.468,18.464,0.004,5,5000,500,303872,0.550,0.029780,d544983-dirty,1
fused_k20,1,151936,bfloat16,16,16,16.414,16.407,16.444,16.420,0.018,5,5000,500,303872,0.550,0.033498,d544983-dirty,1
fused_k20,1,151936,bfloat16,20,20,15.507,15.500,15.510,15.506,0.005,5,5000,500,303872,0.550,0.035456,d544983-dirty,1
fused_k20,1,151936,bfloat16,32,32,18.484,18.481,18.486,18.483,0.003,5,5000,500,303872,0.550,0.029747,d544983-dirty,1
fused_k50,1,151936,bfloat16,1,1,53.721,53.709,53.727,53.720,0.009,5,2244,224,303872,0.550,0.010235,d544983-dirty,1
fused_k50,1,151936,bfloat16,2,2,34.833,34.826,34.838,34.832,0.005,5,3368,336,303872,0.550,0.015785,d544983-dirty,1
fused_k50,1,151936,bfloat16,4,4,24.812,24.797,24.814,24.809,0.008,5,4816,481,303872,0.550,0.022160,d544983-dirty,1
fused_k50,1,151936,bfloat16,8,8,20.529,20.526,20.549,20.534,0.011,5,5000,500,303872,0.550,0.026783,d544983-dirty,1
fused_k50,1,151936,bfloat16,16,16,22.223,22.213,22.242,22.225,0.013,5,5000,500,303872,0.550,0.024742,d544983-dirty,1
fused_k50,1,151936,bfloat16,20,20,20.221,20.210,20.240,20.223,0.013,5,5000,500,303872,0.550,0.027190,d544983-dirty,1
fused_k100,1,151936,bfloat16,1,1,56.117,56.113,56.162,56.128,0.025,5,2147,214,303872,0.550,0.009798,d544983-dirty,1
fused_k100,1,151936,bfloat16,2,2,36.913,36.911,36.920,36.915,0.004,5,3227,322,303872,0.550,0.014895,d544983-dirty,1
fused_k100,1,151936,bfloat16,4,4,28.137,28.126,28.156,28.139,0.014,5,4214,421,303872,0.550,0.019541,d544983-dirty,1
fused_k100,1,151936,bfloat16,8,8,25.175,25.168,25.183,25.176,0.007,5,4666,466,303872,0.550,0.021840,d544983-dirty,1
fused_k20,4,151936,bfloat16,1,4,53.058,53.045,53.080,53.062,0.016,5,2235,223,1215488,2.199,0.041451,d544983-dirty,1
fused_k20,4,151936,bfloat16,2,8,32.779,32.770,32.782,32.776,0.005,5,3634,363,1215488,2.199,0.067096,d544983-dirty,1
fused_k20,4,151936,bfloat16,4,16,22.970,22.965,22.979,22.971,0.006,5,5000,500,1215488,2.199,0.095747,d544983-dirty,1
fused_k20,4,151936,bfloat16,8,32,18.478,18.471,18.480,18.477,0.004,5,5000,500,1215488,2.199,0.119022,d544983-dirty,1
fused_k20,4,151936,bfloat16,16,64,17.283,17.280,17.304,17.289,0.011,5,5000,500,1215488,2.199,0.127251,d544983-dirty,1
fused_k20,4,151936,bfloat16,20,80,17.895,17.874,17.902,17.891,0.013,5,5000,500,1215488,2.199,0.122899,d544983-dirty,1
fused_k20,4,151936,bfloat16,32,128,19.433,19.424,19.459,19.438,0.016,5,5000,500,1215488,2.199,0.113174,d544983-dirty,1
fused_k50,4,151936,bfloat16,1,4,54.800,54.755,54.829,54.794,0.032,5,2202,220,1215488,2.199,0.040134,d544983-dirty,1
fused_k50,4,151936,bfloat16,2,8,34.862,34.858,34.874,34.865,0.007,5,3408,340,1215488,2.199,0.063087,d544983-dirty,1
fused_k50,4,151936,bfloat16,4,16,25.610,25.581,25.622,25.603,0.019,5,4739,473,1215488,2.199,0.085876,d544983-dirty,1
fused_k50,4,151936,bfloat16,8,32,20.657,20.654,20.669,20.659,0.008,5,5000,500,1215488,2.199,0.106470,d544983-dirty,1
fused_k50,4,151936,bfloat16,16,64,22.561,22.561,22.563,22.561,0.001,5,5000,500,1215488,2.199,0.097484,d544983-dirty,1
fused_k50,4,151936,bfloat16,20,80,22.561,22.559,22.565,22.562,0.003,5,5000,500,1215488,2.199,0.097482,d544983-dirty,1
fused_k100,4,151936,bfloat16,1,4,58.456,58.415,58.474,58.451,0.027,5,2063,206,1215488,2.199,0.037623,d544983-dirty,1
fused_k100,4,151936,bfloat16,2,8,37.697,37.684,37.702,37.693,0.008,5,3205,320,1215488,2.199,0.058342,d544983-dirty,1
fused_k100,4,151936,bfloat16,4,16,28.941,28.930,28.943,28.939,0.006,5,4072,407,1215488,2.199,0.075992,d544983-dirty,1
fused_k100,4,151936,bfloat16,8,32,27.687,27.594,27.689,27.657,0.047,5,4317,431,1215488,2.199,0.079436,d544983-dirty,1
fused_k20,8,151936,bfloat16,1,8,53.310,53.301,53.317,53.309,0.007,5,2223,222,2430976,4.399,0.082511,d544983-dirty,1
fused_k20,8,151936,bfloat16,2,16,32.806,32.803,32.841,32.814,0.019,5,3642,364,2430976,4.399,0.134079,d544983-dirty,1
fused_k20,8,151936,bfloat16,4,32,23.175,23.160,23.198,23.178,0.017,5,5000,500,2430976,4.399,0.189802,d544983-dirty,1
fused_k20,8,151936,bfloat16,8,64,18.474,18.473,18.481,18.476,0.004,5,5000,500,2430976,4.399,0.238096,d544983-dirty,1
fused_k20,8,151936,bfloat16,16,128,19.135,19.121,19.198,19.152,0.035,5,5000,500,2430976,4.399,0.229875,d544983-dirty,1
fused_k20,8,151936,bfloat16,20,160,20.368,20.312,20.376,20.354,0.031,5,5000,500,2430976,4.399,0.215960,d544983-dirty,1
fused_k20,8,151936,bfloat16,32,256,23.808,23.792,23.836,23.811,0.019,5,4962,496,2430976,4.399,0.184756,d544983-dirty,1
fused_k50,8,151936,bfloat16,1,8,55.355,55.337,55.388,55.359,0.023,5,2181,218,2430976,4.399,0.079463,d544983-dirty,1
fused_k50,8,151936,bfloat16,2,16,34.893,34.885,34.904,34.895,0.009,5,3409,340,2430976,4.399,0.126061,d544983-dirty,1
fused_k50,8,151936,bfloat16,4,32,26.175,26.156,26.207,26.182,0.023,5,4546,454,2430976,4.399,0.168045,d544983-dirty,1
fused_k50,8,151936,bfloat16,8,64,20.982,20.972,20.997,20.984,0.010,5,5000,500,2430976,4.399,0.209637,d544983-dirty,1
fused_k50,8,151936,bfloat16,16,128,24.611,24.609,24.614,24.611,0.002,5,4751,475,2430976,4.399,0.178727,d544983-dirty,1
fused_k50,8,151936,bfloat16,20,160,24.610,24.608,24.610,24.609,0.001,5,4747,474,2430976,4.399,0.178735,d544983-dirty,1
fused_k100,8,151936,bfloat16,1,8,57.994,57.989,58.064,58.017,0.037,5,2081,208,2430976,4.399,0.075847,d544983-dirty,1
fused_k100,8,151936,bfloat16,2,16,38.439,38.434,38.452,38.441,0.008,5,3092,309,2430976,4.399,0.114432,d544983-dirty,1
fused_k100,8,151936,bfloat16,4,32,29.518,29.481,29.562,29.517,0.037,5,4024,402,2430976,4.399,0.149017,d544983-dirty,1
fused_k100,8,151936,bfloat16,8,64,28.162,28.139,28.172,28.157,0.016,5,4222,422,2430976,4.399,0.156190,d544983-dirty,1
fused_k20,16,151936,bfloat16,1,16,53.466,53.436,53.474,53.460,0.018,5,2234,223,4861952,8.797,0.164539,d544983-dirty,1
fused_k20,16,151936,bfloat16,2,32,32.817,32.815,32.824,32.819,0.004,5,3623,362,4861952,8.797,0.268068,d544983-dirty,1
fused_k20,16,151936,bfloat16,4,64,23.240,23.237,23.244,23.240,0.003,5,5000,500,4861952,8.797,0.378538,d544983-dirty,1
fused_k20,16,151936,bfloat16,8,128,20.877,20.646,20.902,20.824,0.130,5,5000,500,4861952,8.797,0.421394,d544983-dirty,1
fused_k20,16,151936,bfloat16,16,256,24.622,24.616,24.626,24.621,0.004,5,4811,481,4861952,8.797,0.357293,d544983-dirty,1
fused_k20,16,151936,bfloat16,20,320,24.610,24.609,24.611,24.610,0.001,5,4816,481,4861952,8.797,0.357472,d544983-dirty,1
fused_k20,16,151936,bfloat16,32,512,30.805,30.646,30.811,30.758,0.082,5,3988,398,4861952,8.797,0.285582,d544983-dirty,1
fused_k50,16,151936,bfloat16,1,16,56.164,56.119,56.268,56.176,0.069,5,2149,214,4861952,8.797,0.156636,d544983-dirty,1
fused_k50,16,151936,bfloat16,2,32,34.891,34.886,34.920,34.897,0.017,5,3408,340,4861952,8.797,0.252133,d544983-dirty,1
fused_k50,16,151936,bfloat16,4,64,26.395,26.389,26.417,26.400,0.012,5,4439,443,4861952,8.797,0.333292,d544983-dirty,1
fused_k50,16,151936,bfloat16,8,128,24.457,24.146,24.514,24.388,0.176,5,5000,500,4861952,8.797,0.359708,d544983-dirty,1
fused_k50,16,151936,bfloat16,16,256,30.592,30.571,30.612,30.591,0.018,5,3850,385,4861952,8.797,0.287572,d544983-dirty,1
fused_k50,16,151936,bfloat16,20,320,29.910,29.869,29.921,29.898,0.027,5,4097,409,4861952,8.797,0.294124,d544983-dirty,1
fused_k100,16,151936,bfloat16,1,16,58.977,58.965,59.053,58.994,0.043,5,2032,203,4861952,8.797,0.149163,d544983-dirty,1
fused_k100,16,151936,bfloat16,2,32,38.754,38.736,38.774,38.756,0.017,5,3056,305,4861952,8.797,0.227004,d544983-dirty,1
fused_k100,16,151936,bfloat16,4,64,29.858,29.836,29.872,29.856,0.017,5,4097,409,4861952,8.797,0.294640,d544983-dirty,1
fused_k100,16,151936,bfloat16,8,128,30.874,30.872,30.877,30.874,0.003,5,3803,380,4861952,8.797,0.284939,d544983-dirty,1
fused_k20,32,151936,bfloat16,1,32,53.721,53.682,53.744,53.713,0.029,5,2198,219,9723904,17.595,0.327514,d544983-dirty,1
fused_k20,32,151936,bfloat16,2,64,32.990,32.832,33.046,32.957,0.099,5,3604,360,9723904,17.595,0.533334,d544983-dirty,1
fused_k20,32,151936,bfloat16,4,128,29.542,29.526,29.549,29.539,0.011,5,4171,417,9723904,17.595,0.595575,d544983-dirty,1
fused_k20,32,151936,bfloat16,8,256,30.780,30.772,30.781,30.777,0.004,5,3894,389,9723904,17.595,0.571627,d544983-dirty,1
fused_k20,32,151936,bfloat16,16,512,34.953,34.951,34.961,34.955,0.005,5,3414,341,9723904,17.595,0.503371,d544983-dirty,1
fused_k20,32,151936,bfloat16,20,640,35.293,35.278,35.314,35.294,0.016,5,3409,340,9723904,17.595,0.498524,d544983-dirty,1
fused_k20,32,151936,bfloat16,32,1024,45.030,45.022,45.032,45.028,0.005,5,2660,266,9723904,17.595,0.390726,d544983-dirty,1
fused_k50,32,151936,bfloat16,1,32,56.529,56.500,56.583,56.535,0.037,5,2120,212,9723904,17.595,0.311248,d544983-dirty,1
fused_k50,32,151936,bfloat16,2,64,35.561,35.021,35.663,35.425,0.298,5,3411,341,9723904,17.595,0.494775,d544983-dirty,1
fused_k50,32,151936,bfloat16,4,128,32.518,32.509,32.527,32.518,0.008,5,3770,377,9723904,17.595,0.541074,d544983-dirty,1
fused_k50,32,151936,bfloat16,8,256,34.747,34.739,34.753,34.747,0.006,5,3434,343,9723904,17.595,0.506356,d544983-dirty,1
fused_k50,32,151936,bfloat16,16,512,41.645,41.637,41.666,41.649,0.013,5,2922,292,9723904,17.595,0.422489,d544983-dirty,1
fused_k50,32,151936,bfloat16,20,640,41.917,41.909,41.922,41.916,0.006,5,2859,285,9723904,17.595,0.419743,d544983-dirty,1
fused_k100,32,151936,bfloat16,1,32,59.771,59.700,59.810,59.763,0.049,5,2025,202,9723904,17.595,0.294367,d544983-dirty,1
fused_k100,32,151936,bfloat16,2,64,40.062,39.622,40.130,39.930,0.238,5,3054,305,9723904,17.595,0.439182,d544983-dirty,1
fused_k100,32,151936,bfloat16,4,128,36.674,36.666,36.684,36.675,0.008,5,3242,324,9723904,17.595,0.479750,d544983-dirty,1
fused_k100,32,151936,bfloat16,8,256,41.121,41.098,41.155,41.120,0.026,5,2946,294,9723904,17.595,0.427867,d544983-dirty,1
fused_k20,1,151936,bfloat16,1,1,52.127,52.062,52.226,52.136,0.071,5,2270,227,303872,0.550,0.010548,d544983-dirty,2
fused_k20,1,151936,bfloat16,2,2,32.385,32.359,32.393,32.378,0.017,5,3681,368,303872,0.550,0.016978,d544983-dirty,2
fused_k20,1,151936,bfloat16,4,4,22.634,22.618,22.647,22.633,0.013,5,5000,500,303872,0.550,0.024293,d544983-dirty,2
fused_k20,1,151936,bfloat16,8,8,18.473,18.472,18.477,18.474,0.002,5,5000,500,303872,0.550,0.029763,d544983-dirty,2
fused_k20,1,151936,bfloat16,16,16,16.298,16.280,16.307,16.295,0.013,5,5000,500,303872,0.550,0.033736,d544983-dirty,2
fused_k20,1,151936,bfloat16,20,20,15.373,15.365,15.379,15.372,0.006,5,5000,500,303872,0.550,0.035765,d544983-dirty,2
fused_k20,1,151936,bfloat16,32,32,18.478,18.473,18.482,18.478,0.004,5,5000,500,303872,0.550,0.029756,d544983-dirty,2
fused_k50,1,151936,bfloat16,1,1,53.469,53.454,53.488,53.471,0.015,5,2222,222,303872,0.550,0.010283,d544983-dirty,2
fused_k50,1,151936,bfloat16,2,2,34.846,34.846,34.853,34.848,0.003,5,3414,341,303872,0.550,0.015779,d544983-dirty,2
fused_k50,1,151936,bfloat16,4,4,24.834,24.826,24.847,24.837,0.010,5,4819,481,303872,0.550,0.022140,d544983-dirty,2
fused_k50,1,151936,bfloat16,8,8,20.538,20.534,20.539,20.538,0.003,5,5000,500,303872,0.550,0.026771,d544983-dirty,2
fused_k50,1,151936,bfloat16,16,16,22.384,22.374,22.388,22.383,0.007,5,5000,500,303872,0.550,0.024563,d544983-dirty,2
fused_k50,1,151936,bfloat16,20,20,20.319,20.314,20.330,20.322,0.007,5,5000,500,303872,0.550,0.027059,d544983-dirty,2
fused_k100,1,151936,bfloat16,1,1,56.435,56.399,56.464,56.434,0.028,5,2131,213,303872,0.550,0.009743,d544983-dirty,2
fused_k100,1,151936,bfloat16,2,2,36.973,36.960,36.992,36.975,0.015,5,3230,323,303872,0.550,0.014871,d544983-dirty,2
fused_k100,1,151936,bfloat16,4,4,28.704,28.701,28.705,28.704,0.002,5,4134,413,303872,0.550,0.019155,d544983-dirty,2
fused_k100,1,151936,bfloat16,8,8,26.057,26.043,26.071,26.058,0.012,5,4656,465,303872,0.550,0.021101,d544983-dirty,2
fused_k20,4,151936,bfloat16,1,4,53.232,53.202,53.247,53.226,0.020,5,2233,223,1215488,2.199,0.041316,d544983-dirty,2
fused_k20,4,151936,bfloat16,2,8,32.796,32.790,32.799,32.795,0.004,5,3640,364,1215488,2.199,0.067060,d544983-dirty,2
fused_k20,4,151936,bfloat16,4,16,22.959,22.953,22.971,22.961,0.009,5,5000,500,1215488,2.199,0.095794,d544983-dirty,2
fused_k20,4,151936,bfloat16,8,32,18.474,18.466,18.474,18.471,0.004,5,5000,500,1215488,2.199,0.119052,d544983-dirty,2
fused_k20,4,151936,bfloat16,16,64,16.698,16.691,16.709,16.699,0.008,5,5000,500,1215488,2.199,0.131709,d544983-dirty,2
fused_k20,4,151936,bfloat16,20,80,17.852,17.844,17.879,17.856,0.017,5,5000,500,1215488,2.199,0.123198,d544983-dirty,2
fused_k20,4,151936,bfloat16,32,128,19.449,19.445,19.450,19.448,0.003,5,5000,500,1215488,2.199,0.113083,d544983-dirty,2
fused_k50,4,151936,bfloat16,1,4,54.755,54.730,54.785,54.755,0.024,5,2209,220,1215488,2.199,0.040167,d544983-dirty,2
fused_k50,4,151936,bfloat16,2,8,34.863,34.862,34.873,34.865,0.005,5,3413,341,1215488,2.199,0.063085,d544983-dirty,2
fused_k50,4,151936,bfloat16,4,16,25.615,25.605,25.634,25.619,0.013,5,4691,469,1215488,2.199,0.085861,d544983-dirty,2
fused_k50,4,151936,bfloat16,8,32,21.049,21.037,21.071,21.052,0.015,5,5000,500,1215488,2.199,0.104487,d544983-dirty,2
fused_k50,4,151936,bfloat16,16,64,22.562,22.561,22.565,22.562,0.002,5,5000,500,1215488,2.199,0.097480,d544983-dirty,2
fused_k50,4,151936,bfloat16,20,80,22.565,22.563,22.569,22.566,0.003,5,5000,500,1215488,2.199,0.097465,d544983-dirty,2
fused_k100,4,151936,bfloat16,1,4,57.477,57.453,57.503,57.478,0.022,5,2091,209,1215488,2.199,0.038265,d544983-dirty,2
fused_k100,4,151936,bfloat16,2,8,37.581,37.559,37.607,37.582,0.023,5,3165,316,1215488,2.199,0.058522,d544983-dirty,2
fused_k100,4,151936,bfloat16,4,16,28.861,28.853,28.866,28.860,0.006,5,4106,410,1215488,2.199,0.076205,d544983-dirty,2
fused_k100,4,151936,bfloat16,8,32,27.124,27.111,27.147,27.129,0.017,5,4591,459,1215488,2.199,0.081083,d544983-dirty,2
fused_k20,8,151936,bfloat16,1,8,53.287,53.282,53.331,53.297,0.025,5,2223,222,2430976,4.399,0.082546,d544983-dirty,2
fused_k20,8,151936,bfloat16,2,16,32.808,32.807,32.810,32.808,0.001,5,3622,362,2430976,4.399,0.134074,d544983-dirty,2
fused_k20,8,151936,bfloat16,4,32,23.214,23.209,23.219,23.214,0.004,5,5000,500,2430976,4.399,0.189481,d544983-dirty,2
fused_k20,8,151936,bfloat16,8,64,18.473,18.469,18.478,18.474,0.004,5,5000,500,2430976,4.399,0.238118,d544983-dirty,2
fused_k20,8,151936,bfloat16,16,128,19.218,19.207,19.238,19.221,0.013,5,5000,500,2430976,4.399,0.228884,d544983-dirty,2
fused_k20,8,151936,bfloat16,20,160,20.145,20.138,20.160,20.147,0.010,5,5000,500,2430976,4.399,0.218350,d544983-dirty,2
fused_k20,8,151936,bfloat16,32,256,22.974,22.967,23.015,22.984,0.023,5,5000,500,2430976,4.399,0.191460,d544983-dirty,2
fused_k50,8,151936,bfloat16,1,8,55.350,55.316,55.382,55.348,0.028,5,2175,217,2430976,4.399,0.079470,d544983-dirty,2
fused_k50,8,151936,bfloat16,2,16,34.893,34.882,34.896,34.890,0.006,5,3413,341,2430976,4.399,0.126061,d544983-dirty,2
fused_k50,8,151936,bfloat16,4,32,26.246,26.241,26.264,26.249,0.011,5,4547,454,2430976,4.399,0.167595,d544983-dirty,2
fused_k50,8,151936,bfloat16,8,64,20.950,20.949,20.968,20.956,0.010,5,5000,500,2430976,4.399,0.209962,d544983-dirty,2
fused_k50,8,151936,bfloat16,16,128,24.611,24.609,24.612,24.611,0.001,5,4719,471,2430976,4.399,0.178724,d544983-dirty,2
fused_k50,8,151936,bfloat16,20,160,24.614,24.611,24.634,24.618,0.012,5,4712,471,2430976,4.399,0.178704,d544983-dirty,2
fused_k100,8,151936,bfloat16,1,8,58.326,58.281,58.435,58.344,0.069,5,2069,206,2430976,4.399,0.075414,d544983-dirty,2
fused_k100,8,151936,bfloat16,2,16,38.408,38.376,38.431,38.406,0.025,5,3135,313,2430976,4.399,0.114524,d544983-dirty,2
fused_k100,8,151936,bfloat16,4,32,29.413,29.392,29.453,29.421,0.028,5,3996,399,2430976,4.399,0.149548,d544983-dirty,2
fused_k100,8,151936,bfloat16,8,64,28.197,28.193,28.210,28.200,0.008,5,4222,422,2430976,4.399,0.155999,d544983-dirty,2
fused_k20,16,151936,bfloat16,1,16,53.638,53.634,53.664,53.646,0.014,5,2234,223,4861952,8.797,0.164010,d544983-dirty,2
fused_k20,16,151936,bfloat16,2,32,32.804,32.803,32.814,32.807,0.006,5,3624,362,4861952,8.797,0.268177,d544983-dirty,2
fused_k20,16,151936,bfloat16,4,64,23.237,23.232,23.239,23.236,0.003,5,5000,500,4861952,8.797,0.378586,d544983-dirty,2
fused_k20,16,151936,bfloat16,8,128,20.959,20.700,20.980,20.896,0.142,5,5000,500,4861952,8.797,0.419746,d544983-dirty,2
fused_k20,16,151936,bfloat16,16,256,24.618,24.617,24.620,24.618,0.001,5,4844,484,4861952,8.797,0.357351,d544983-dirty,2
fused_k20,16,151936,bfloat16,20,320,24.612,24.611,24.615,24.613,0.002,5,4803,480,4861952,8.797,0.357435,d544983-dirty,2
fused_k20,16,151936,bfloat16,32,512,31.098,31.089,31.107,31.098,0.008,5,3854,385,4861952,8.797,0.282892,d544983-dirty,2
fused_k50,16,151936,bfloat16,1,16,55.801,55.781,55.919,55.836,0.064,5,2155,215,4861952,8.797,0.157654,d544983-dirty,2
fused_k50,16,151936,bfloat16,2,32,34.968,34.966,34.976,34.971,0.005,5,3386,338,4861952,8.797,0.251579,d544983-dirty,2
fused_k50,16,151936,bfloat16,4,64,26.416,26.412,26.420,26.416,0.004,5,4499,449,4861952,8.797,0.333024,d544983-dirty,2
fused_k50,16,151936,bfloat16,8,128,24.710,24.350,24.755,24.622,0.197,5,5000,500,4861952,8.797,0.356016,d544983-dirty,2
fused_k50,16,151936,bfloat16,16,256,30.225,30.216,30.254,30.230,0.018,5,4017,401,4861952,8.797,0.291057,d544983-dirty,2
fused_k50,16,151936,bfloat16,20,320,29.058,29.010,29.076,29.048,0.029,5,4096,409,4861952,8.797,0.302749,d544983-dirty,2
fused_k100,16,151936,bfloat16,1,16,58.981,58.955,59.182,59.022,0.118,5,2021,202,4861952,8.797,0.149155,d544983-dirty,2
fused_k100,16,151936,bfloat16,2,32,39.094,39.064,39.163,39.104,0.045,5,3061,306,4861952,8.797,0.225029,d544983-dirty,2
fused_k100,16,151936,bfloat16,4,64,29.916,29.911,30.029,29.946,0.060,5,3958,395,4861952,8.797,0.294063,d544983-dirty,2
fused_k100,16,151936,bfloat16,8,128,30.899,30.888,30.900,30.896,0.006,5,3828,382,4861952,8.797,0.284709,d544983-dirty,2
fused_k20,32,151936,bfloat16,1,32,53.845,53.815,53.857,53.840,0.019,5,2216,221,9723904,17.595,0.326762,d544983-dirty,2
fused_k20,32,151936,bfloat16,2,64,32.953,32.832,33.046,32.943,0.094,5,3614,361,9723904,17.595,0.533921,d544983-dirty,2
fused_k20,32,151936,bfloat16,4,128,29.733,29.695,29.750,29.726,0.024,5,4150,415,9723904,17.595,0.591749,d544983-dirty,2
fused_k20,32,151936,bfloat16,8,256,30.774,30.771,30.776,30.774,0.002,5,3951,395,9723904,17.595,0.571732,d544983-dirty,2
fused_k20,32,151936,bfloat16,16,512,34.990,34.965,34.991,34.981,0.013,5,3416,341,9723904,17.595,0.502848,d544983-dirty,2
fused_k20,32,151936,bfloat16,20,640,35.776,35.763,35.803,35.780,0.018,5,3419,341,9723904,17.595,0.491797,d544983-dirty,2
fused_k20,32,151936,bfloat16,32,1024,45.125,45.109,45.133,45.123,0.011,5,2657,265,9723904,17.595,0.389907,d544983-dirty,2
fused_k50,32,151936,bfloat16,1,32,56.512,56.502,56.588,56.530,0.042,5,2129,212,9723904,17.595,0.311341,d544983-dirty,2
fused_k50,32,151936,bfloat16,2,64,35.709,35.095,35.827,35.571,0.349,5,3412,341,9723904,17.595,0.492720,d544983-dirty,2
fused_k50,32,151936,bfloat16,4,128,32.776,32.775,32.777,32.776,0.001,5,3653,365,9723904,17.595,0.536812,d544983-dirty,2
fused_k50,32,151936,bfloat16,8,256,34.739,34.731,34.752,34.740,0.009,5,3433,343,9723904,17.595,0.506476,d544983-dirty,2
fused_k50,32,151936,bfloat16,16,512,41.662,41.648,41.681,41.662,0.015,5,2906,290,9723904,17.595,0.422319,d544983-dirty,2
fused_k50,32,151936,bfloat16,20,640,41.982,41.963,41.985,41.977,0.010,5,2863,286,9723904,17.595,0.419101,d544983-dirty,2
fused_k100,32,151936,bfloat16,1,32,59.661,59.611,59.699,59.656,0.038,5,2002,200,9723904,17.595,0.294909,d544983-dirty,2
fused_k100,32,151936,bfloat16,2,64,39.772,39.180,39.906,39.636,0.339,5,3078,307,9723904,17.595,0.442384,d544983-dirty,2
fused_k100,32,151936,bfloat16,4,128,36.583,36.579,36.600,36.588,0.011,5,3279,327,9723904,17.595,0.480953,d544983-dirty,2
fused_k100,32,151936,bfloat16,8,256,41.508,41.479,41.517,41.501,0.018,5,2930,293,9723904,17.595,0.423886,d544983-dirty,2
