path,stage,batch,vocab,top_k,top_p,dtype,isolated_us,kernels,pct_of_path_total,path_total_us,git_commit
hf_eager,cast_fp32,1,151936,50,0.9,bfloat16,4.094,1,1.19,344.344,f2d1bf7-dirty
hf_eager,topk_warper,1,151936,50,0.9,bfloat16,79.237,21,23.01,344.344,f2d1bf7-dirty
hf_eager,topp_warper,1,151936,50,0.9,bfloat16,146.210,23,42.46,344.344,f2d1bf7-dirty
hf_eager,topp:full_sort,1,151936,50,0.9,bfloat16,68.522,14,19.90,344.344,f2d1bf7-dirty
hf_eager,topp:softmax,1,151936,50,0.9,bfloat16,55.277,1,16.05,344.344,f2d1bf7-dirty
hf_eager,topp:cumsum,1,151936,50,0.9,bfloat16,61.590,3,17.89,344.344,f2d1bf7-dirty
hf_eager,topp:scatter+mask,1,151936,50,0.9,bfloat16,25.715,6,7.47,344.344,f2d1bf7-dirty
hf_eager,final_softmax,1,151936,50,0.9,bfloat16,55.277,1,16.05,344.344,f2d1bf7-dirty
hf_eager,multinomial,1,151936,50,0.9,bfloat16,68.038,18,19.76,344.344,f2d1bf7-dirty
hf_eager,TOTAL,1,151936,50,0.9,bfloat16,344.344,64,100.00,344.344,f2d1bf7-dirty
tight_eager,cast_fp32,1,151936,50,0.9,bfloat16,4.496,1,2.45,183.777,f2d1bf7-dirty
tight_eager,topk,1,151936,50,0.9,bfloat16,70.264,18,38.23,183.777,f2d1bf7-dirty
tight_eager,softmax_k,1,151936,50,0.9,bfloat16,4.090,1,2.23,183.777,f2d1bf7-dirty
tight_eager,cumsum_k,1,151936,50,0.9,bfloat16,8.191,2,4.46,183.777,f2d1bf7-dirty
tight_eager,topp_mask_k,1,151936,50,0.9,bfloat16,8.502,2,4.63,183.777,f2d1bf7-dirty
tight_eager,renorm_k,1,151936,50,0.9,bfloat16,8.867,2,4.82,183.777,f2d1bf7-dirty
tight_eager,multinomial_k,1,151936,50,0.9,bfloat16,57.632,14,31.36,183.777,f2d1bf7-dirty
tight_eager,gather,1,151936,50,0.9,bfloat16,5.215,1,2.84,183.777,f2d1bf7-dirty
tight_eager,TOTAL,1,151936,50,0.9,bfloat16,183.777,43,100.00,183.777,f2d1bf7-dirty
hf_eager,cast_fp32,8,151936,50,0.9,bfloat16,7.878,1,1.13,696.900,f2d1bf7-dirty
hf_eager,topk_warper,8,151936,50,0.9,bfloat16,109.405,21,15.70,696.900,f2d1bf7-dirty
hf_eager,topp_warper,8,151936,50,0.9,bfloat16,453.624,29,65.09,696.900,f2d1bf7-dirty
hf_eager,topp:full_sort,8,151936,50,0.9,bfloat16,203.541,21,29.21,696.900,f2d1bf7-dirty
hf_eager,topp:softmax,8,151936,50,0.9,bfloat16,51.582,1,7.40,696.900,f2d1bf7-dirty
hf_eager,topp:cumsum,8,151936,50,0.9,bfloat16,235.543,2,33.80,696.900,f2d1bf7-dirty
hf_eager,topp:scatter+mask,8,151936,50,0.9,bfloat16,31.281,6,4.49,696.900,f2d1bf7-dirty
hf_eager,final_softmax,8,151936,50,0.9,bfloat16,54.450,1,7.81,696.900,f2d1bf7-dirty
hf_eager,multinomial,8,151936,50,0.9,bfloat16,69.539,18,9.98,696.900,f2d1bf7-dirty
hf_eager,TOTAL,8,151936,50,0.9,bfloat16,696.900,70,100.00,696.900,f2d1bf7-dirty
tight_eager,cast_fp32,8,151936,50,0.9,bfloat16,7.275,1,4.21,172.793,f2d1bf7-dirty
tight_eager,topk,8,151936,50,0.9,bfloat16,85.665,18,49.58,172.793,f2d1bf7-dirty
tight_eager,softmax_k,8,151936,50,0.9,bfloat16,4.115,1,2.38,172.793,f2d1bf7-dirty
tight_eager,cumsum_k,8,151936,50,0.9,bfloat16,3.907,1,2.26,172.793,f2d1bf7-dirty
tight_eager,topp_mask_k,8,151936,50,0.9,bfloat16,8.521,2,4.93,172.793,f2d1bf7-dirty
tight_eager,renorm_k,8,151936,50,0.9,bfloat16,8.863,2,5.13,172.793,f2d1bf7-dirty
tight_eager,multinomial_k,8,151936,50,0.9,bfloat16,55.989,14,32.40,172.793,f2d1bf7-dirty
tight_eager,gather,8,151936,50,0.9,bfloat16,5.337,1,3.09,172.793,f2d1bf7-dirty
tight_eager,TOTAL,8,151936,50,0.9,bfloat16,172.793,42,100.00,172.793,f2d1bf7-dirty
hf_eager,cast_fp32,32,151936,50,0.9,bfloat16,21.234,1,0.98,2173.549,f2d1bf7-dirty
hf_eager,topk_warper,32,151936,50,0.9,bfloat16,185.309,21,8.53,2173.549,f2d1bf7-dirty
hf_eager,topp_warper,32,151936,50,0.9,bfloat16,1790.348,29,82.37,2173.549,f2d1bf7-dirty
hf_eager,topp:full_sort,32,151936,50,0.9,bfloat16,1406.248,21,64.70,2173.549,f2d1bf7-dirty
hf_eager,topp:softmax,32,151936,50,0.9,bfloat16,51.461,1,2.37,2173.549,f2d1bf7-dirty
hf_eager,topp:cumsum,32,151936,50,0.9,bfloat16,247.854,2,11.40,2173.549,f2d1bf7-dirty
hf_eager,topp:scatter+mask,32,151936,50,0.9,bfloat16,153.317,6,7.05,2173.549,f2d1bf7-dirty
hf_eager,final_softmax,32,151936,50,0.9,bfloat16,52.015,1,2.39,2173.549,f2d1bf7-dirty
hf_eager,multinomial,32,151936,50,0.9,bfloat16,113.931,18,5.24,2173.549,f2d1bf7-dirty
hf_eager,TOTAL,32,151936,50,0.9,bfloat16,2173.549,70,100.00,2173.549,f2d1bf7-dirty
tight_eager,cast_fp32,32,151936,50,0.9,bfloat16,22.567,1,10.33,218.481,f2d1bf7-dirty
tight_eager,topk,32,151936,50,0.9,bfloat16,129.768,18,59.40,218.481,f2d1bf7-dirty
tight_eager,softmax_k,32,151936,50,0.9,bfloat16,4.180,1,1.91,218.481,f2d1bf7-dirty
tight_eager,cumsum_k,32,151936,50,0.9,bfloat16,3.925,1,1.80,218.481,f2d1bf7-dirty
tight_eager,topp_mask_k,32,151936,50,0.9,bfloat16,8.598,2,3.94,218.481,f2d1bf7-dirty
tight_eager,renorm_k,32,151936,50,0.9,bfloat16,8.849,2,4.05,218.481,f2d1bf7-dirty
tight_eager,multinomial_k,32,151936,50,0.9,bfloat16,56.161,14,25.71,218.481,f2d1bf7-dirty
tight_eager,gather,32,151936,50,0.9,bfloat16,5.346,1,2.45,218.481,f2d1bf7-dirty
tight_eager,TOTAL,32,151936,50,0.9,bfloat16,218.481,42,100.00,218.481,f2d1bf7-dirty
